age,job,marital,education,default,housing,loan,contact,month,day_of_week,duration,campaign,pdays,previous,poutcome,emp.var.rate,cons.price.idx,cons.conf.idx,euribor3m,nr.employed,y
45,admin.,married,university.degree,no,yes,no,cellular,aug,fri,518,1,999,0,nonexistent,-0.1,93.313,-42.9,4.927,5099.1,yes
38,admin.,married,basic.4y,no,no,no,cellular,aug,fri,111,2,999,0,nonexistent,1.1,91.058,-46.9,3.432,4963.6,yes
47,management,married,high.school,no,yes,no,cellular,feb,fri,11,2,999,0,nonexistent,-1.7,91.12,-42.0,1.228,5191.0,no
58,retired,married,university.degree,no,yes,no,telephone,nov,mon,467,1,999,0,nonexistent,-0.1,92.41,-38.7,4.767,5191.0,yes
37,admin.,single,high.school,no,no,no,cellular,oct,tue,605,1,999,0,nonexistent,-1.8,92.906,-37.9,2.565,5017.5,no
37,student,married,professional.course,unknown,yes,no,cellular,may,wed,429,3,999,0,nonexistent,-3.4,95.333,-42.9,3.067,5099.1,yes
58,admin.,married,university.degree,no,no,no,cellular,sep,fri,34,1,999,0,nonexistent,-3.4,91.683,-36.3,1.446,5099.1,no
49,services,married,high.school,no,no,no,telephone,may,wed,1543,6,4,2,nonexistent,-1.8,92.26,-52.4,2.907,5099.1,yes
34,retired,divorced,basic.9y,unknown,yes,no,cellular,mar,thu,74,3,999,0,nonexistent,-0.1,95.387,-30.4,1.297,5076.2,yes
46,housemaid,married,high.school,no,no,no,telephone,may,mon,322,1,999,0,nonexistent,-3.4,94.596,-39.2,2.69,4963.6,yes
34,retired,married,high.school,no,yes,no,telephone,may,tue,596,3,11,1,failure,-1.8,91.329,-44.2,3.055,4963.6,no
34,self-employed,single,basic.4y,no,yes,no,cellular,may,thu,67,1,999,0,nonexistent,1.1,94.013,-39.7,4.09,5017.5,no
42,blue-collar,married,high.school,unknown,no,no,telephone,jun,mon,597,3,999,0,nonexistent,1.1,94.249,-42.8,0.6,5008.7,yes
18,self-employed,married,high.school,no,no,no,cellular,jul,tue,92,2,999,0,nonexistent,1.1,93.294,-52.4,4.805,5017.5,no
19,admin.,married,university.degree,no,yes,no,telephone,jul,tue,936,2,999,0,nonexistent,1.4,91.24,-41.8,4.862,4963.6,yes
33,student,single,university.degree,unknown,no,no,cellular,may,tue,82,1,999,0,nonexistent,-1.8,92.107,-37.4,2.66,5076.2,yes
27,services,married,university.degree,no,no,no,cellular,feb,thu,766,5,999,0,nonexistent,-1.8,92.058,-37.2,3.232,5017.5,yes
43,self-employed,single,basic.4y,unknown,unknown,no,cellular,aug,tue,13,2,24,1,success,-1.7,93.793,-40.7,3.552,5008.7,no
29,technician,divorced,basic.9y,unknown,yes,no,cellular,jun,wed,308,1,999,0,nonexistent,1.4,92.356,-37.2,3.15,5191.0,no
23,management,married,university.degree,no,yes,yes,telephone,may,mon,189,3,999,0,nonexistent,1.1,92.603,-39.8,4.086,5017.5,no
57,services,married,high.school,no,yes,no,cellular,nov,fri,162,2,999,0,nonexistent,-1.7,92.097,-40.9,2.303,5099.1,no
37,retired,married,basic.4y,no,no,no,telephone,sep,tue,63,4,999,0,nonexistent,-3.4,90.662,-45.4,1.632,5008.7,yes
40,admin.,married,university.degree,no,yes,no,cellular,nov,thu,305,2,999,0,nonexistent,1.1,96.893,-43.7,3.771,5099.1,no
22,admin.,married,university.degree,no,no,no,telephone,jul,thu,52,4,999,0,nonexistent,-1.7,93.604,-43.3,0.6,5076.2,no
33,blue-collar,divorced,university.degree,no,yes,no,cellular,may,tue,201,5,999,0,nonexistent,-0.1,95.208,-40.6,4.114,4963.6,no
41,admin.,single,basic.4y,unknown,yes,no,cellular,aug,fri,73,1,11,1,success,1.4,91.327,-38.0,4.301,5017.5,no
26,housemaid,single,university.degree,no,yes,no,cellular,may,thu,778,4,999,0,nonexistent,-0.1,95.278,-45.1,1.592,5017.5,no
44,blue-collar,married,university.degree,no,unknown,no,telephone,jul,wed,7,1,999,0,nonexistent,1.4,92.405,-49.0,5.1,5099.1,no
32,unemployed,single,university.degree,yes,yes,no,cellular,mar,mon,55,3,999,0,nonexistent,-1.7,93.795,-34.8,2.368,5099.1,yes
36,blue-collar,divorced,university.degree,unknown,no,no,cellular,nov,fri,69,2,999,0,nonexistent,1.1,94.488,-46.8,2.213,4963.6,yes
32,blue-collar,single,university.degree,no,yes,yes,cellular,may,thu,133,4,999,0,nonexistent,1.4,95.266,-39.5,1.824,5017.5,yes
62,entrepreneur,married,high.school,unknown,yes,no,telephone,dec,tue,66,1,999,0,nonexistent,-0.1,92.93,-40.7,3.807,4963.6,no
39,management,single,basic.9y,no,yes,no,cellular,nov,tue,168,5,999,0,nonexistent,1.1,91.493,-43.7,2.296,5099.1,no
27,technician,married,university.degree,unknown,yes,no,cellular,jul,fri,514,3,999,0,nonexistent,1.1,92.978,-39.0,0.6,5191.0,no
49,services,married,university.degree,no,yes,no,cellular,sep,thu,311,1,999,0,nonexistent,1.4,93.887,-48.0,3.615,5099.1,no
25,retired,married,university.degree,no,yes,no,telephone,aug,thu,216,1,999,0,nonexistent,-3.4,92.196,-33.8,2.476,5008.7,yes
42,blue-collar,single,basic.9y,no,yes,no,telephone,nov,wed,23,3,1,3,success,-1.7,92.365,-28.8,4.955,5099.1,no
18,unemployed,single,basic.9y,no,yes,no,cellular,jul,thu,296,4,999,0,nonexistent,-1.7,90.678,-35.8,3.556,5099.1,yes
24,unemployed,married,professional.course,no,unknown,no,cellular,oct,tue,45,2,999,0,nonexistent,1.4,91.533,-46.1,3.479,5191.0,yes
42,management,married,university.degree,no,no,no,cellular,jul,tue,385,1,999,0,nonexistent,1.4,93.666,-53.6,4.826,4963.6,yes
48,blue-collar,married,professional.course,no,yes,no,cellular,dec,thu,71,2,999,0,nonexistent,-1.8,94.323,-39.6,3.288,5008.7,yes
42,retired,married,university.degree,unknown,no,no,cellular,jul,fri,134,6,999,0,nonexistent,-1.8,94.653,-48.5,4.408,5008.7,yes
38,admin.,married,university.degree,no,no,no,telephone,jul,tue,107,3,999,0,nonexistent,1.4,96.414,-44.1,1.83,5017.5,no
36,admin.,married,university.degree,no,yes,no,cellular,oct,wed,489,4,999,0,nonexistent,-1.7,95.232,-34.4,5.1,5191.0,yes
22,blue-collar,single,university.degree,no,no,no,telephone,nov,thu,33,1,999,0,nonexistent,-1.8,92.772,-33.9,3.496,5076.2,no
31,technician,married,university.degree,no,no,no,cellular,jul,wed,208,3,999,0,nonexistent,-3.4,91.596,-33.3,0.837,5017.5,yes
34,housemaid,married,university.degree,unknown,yes,no,telephone,may,fri,38,2,999,0,nonexistent,-1.7,92.616,-41.5,3.248,5017.5,yes
52,retired,married,basic.9y,unknown,yes,yes,cellular,jul,thu,305,4,999,0,nonexistent,1.1,92.173,-37.5,3.336,5017.5,no
44,retired,divorced,high.school,no,unknown,no,cellular,dec,mon,588,1,999,0,nonexistent,-0.1,93.249,-52.0,3.225,5008.7,no
18,technician,single,university.degree,no,no,no,cellular,oct,fri,142,3,999,0,nonexistent,-0.1,94.336,-49.5,0.6,4963.6,no
43,blue-collar,single,basic.9y,yes,yes,no,cellular,nov,thu,167,2,999,0,nonexistent,1.4,93.72,-43.4,2.013,5099.1,no
35,technician,married,basic.9y,no,yes,unknown,cellular,mar,fri,655,1,16,1,failure,-1.8,95.364,-37.8,0.6,5008.7,no
31,unemployed,married,high.school,unknown,yes,no,telephone,jul,thu,184,3,2,4,nonexistent,-3.4,93.593,-44.1,0.6,5099.1,no
47,admin.,married,basic.9y,no,no,no,telephone,aug,fri,167,2,999,0,nonexistent,1.4,91.087,-38.0,3.3,5099.1,yes
52,housemaid,single,basic.9y,no,no,no,cellular,nov,mon,215,3,999,0,nonexistent,1.1,92.145,-47.8,1.99,5076.2,no
51,services,divorced,high.school,no,unknown,no,cellular,mar,tue,292,2,999,0,nonexistent,-1.7,93.604,-41.5,2.345,5017.5,yes
29,technician,single,professional.course,no,yes,no,cellular,nov,fri,28,2,999,0,nonexistent,-1.7,93.343,-39.3,1.389,5076.2,no
36,retired,single,high.school,unknown,no,no,cellular,jul,tue,430,4,999,0,nonexistent,-1.7,94.962,-38.2,5.1,5017.5,no
43,technician,single,basic.9y,no,no,yes,cellular,may,mon,142,3,999,0,nonexistent,1.1,93.011,-44.3,3.072,5008.7,no
51,housemaid,married,basic.4y,no,yes,yes,telephone,may,thu,18,3,999,0,nonexistent,-3.4,92.735,-41.9,0.6,5099.1,no
34,student,divorced,university.degree,no,yes,no,telephone,may,fri,385,6,999,0,nonexistent,-0.1,90.639,-49.7,4.159,5076.2,no
37,technician,married,high.school,no,unknown,no,telephone,jul,mon,118,2,999,0,nonexistent,-1.8,91.79,-42.5,2.383,5191.0,no
26,blue-collar,married,university.degree,no,no,yes,cellular,mar,fri,26,5,999,0,nonexistent,1.4,93.463,-36.6,5.1,5008.7,no
25,management,married,university.degree,no,yes,no,telephone,may,thu,251,3,999,0,nonexistent,-1.7,93.314,-43.3,2.985,5008.7,no
49,student,married,university.degree,no,no,no,telephone,nov,wed,530,1,999,0,nonexistent,-0.1,93.892,-45.7,1.747,5191.0,yes
56,blue-collar,married,basic.9y,no,yes,no,cellular,may,fri,546,1,999,0,nonexistent,-3.4,93.676,-38.1,2.024,5017.5,yes
39,management,married,university.degree,no,no,no,cellular,may,wed,790,2,2,2,failure,-3.4,92.83,-30.6,2.276,5099.1,yes
52,management,married,basic.9y,no,no,no,telephone,jul,mon,505,4,999,0,nonexistent,1.1,91.497,-31.1,3.882,5017.5,yes
44,retired,married,professional.course,no,yes,no,cellular,jul,tue,0,2,999,0,nonexistent,1.1,93.001,-40.7,1.587,5017.5,no
32,admin.,married,university.degree,no,unknown,no,cellular,oct,wed,119,6,26,4,failure,1.1,92.934,-38.1,5.1,5008.7,no
44,retired,married,high.school,no,no,no,cellular,jul,wed,426,3,999,0,nonexistent,1.1,95.058,-33.8,3.663,5017.5,yes
58,student,married,basic.9y,no,yes,no,cellular,oct,fri,114,4,999,0,nonexistent,-1.8,94.992,-40.8,3.404,4963.6,no
39,admin.,married,basic.9y,no,no,no,cellular,aug,thu,230,7,999,0,nonexistent,1.1,92.282,-39.7,3.131,5191.0,no
58,blue-collar,single,university.degree,no,yes,yes,telephone,apr,wed,233,3,2,3,failure,-1.8,92.067,-43.6,2.964,5191.0,no
18,unemployed,single,basic.9y,no,yes,no,telephone,may,thu,113,3,999,0,nonexistent,-3.4,90.969,-30.2,0.715,5099.1,no
49,blue-collar,single,university.degree,no,yes,no,telephone,jul,mon,587,1,999,0,nonexistent,1.1,92.753,-38.4,3.527,5191.0,yes
41,housemaid,single,basic.9y,no,yes,yes,cellular,jun,mon,174,3,999,0,nonexistent,1.4,92.289,-43.3,5.1,5017.5,yes
36,technician,married,university.degree,no,no,yes,cellular,sep,fri,156,2,999,0,nonexistent,1.1,96.911,-44.9,4.245,5017.5,no
41,blue-collar,single,university.degree,no,yes,no,cellular,aug,mon,1499,4,999,0,nonexistent,1.4,91.327,-51.3,3.789,5076.2,yes
18,housemaid,married,university.degree,no,no,no,cellular,jun,tue,170,4,999,0,nonexistent,1.4,93.088,-49.9,0.6,5099.1,yes
37,technician,married,university.degree,no,no,no,cellular,may,thu,49,1,999,0,nonexistent,-1.8,92.036,-45.6,4.955,5099.1,no
44,services,single,basic.9y,unknown,yes,yes,cellular,may,wed,179,4,999,0,nonexistent,1.4,93.037,-37.4,4.445,5191.0,no
57,technician,married,basic.6y,no,no,yes,cellular,aug,fri,420,4,999,0,nonexistent,1.1,92.5,-40.4,5.1,5017.5,no
33,management,single,university.degree,no,yes,yes,cellular,jul,tue,374,2,999,0,nonexistent,1.4,94.217,-48.3,1.373,4963.6,yes
30,admin.,single,high.school,no,yes,no,cellular,jul,mon,388,5,999,0,nonexistent,1.1,93.66,-46.6,2.28,5076.2,yes
33,technician,single,high.school,no,yes,no,cellular,may,tue,307,1,999,0,nonexistent,-0.1,94.167,-40.6,0.6,4963.6,yes
50,unemployed,divorced,basic.4y,no,yes,no,telephone,aug,wed,73,3,999,0,nonexistent,1.1,91.872,-33.6,0.6,5017.5,yes
43,blue-collar,married,basic.9y,no,yes,no,cellular,nov,tue,495,1,999,0,nonexistent,-1.7,94.619,-47.5,1.962,5099.1,no
33,management,married,basic.4y,unknown,no,no,telephone,may,wed,559,2,999,0,nonexistent,1.4,92.277,-39.7,3.842,5099.1,yes
46,blue-collar,married,university.degree,no,yes,no,cellular,jul,fri,53,2,999,0,nonexistent,-1.8,90.891,-44.2,2.25,4963.6,no
41,entrepreneur,married,basic.9y,unknown,yes,no,cellular,dec,fri,34,1,999,0,nonexistent,-1.7,92.727,-44.1,1.796,5008.7,no
51,admin.,single,university.degree,no,unknown,no,telephone,may,tue,928,1,999,0,nonexistent,-3.4,93.17,-47.9,3.611,5017.5,yes
31,unemployed,single,basic.4y,no,no,no,cellular,aug,wed,506,1,999,0,nonexistent,-1.7,91.125,-38.9,0.6,5099.1,yes
36,technician,single,university.degree,no,no,no,cellular,apr,wed,559,3,999,0,nonexistent,-1.8,94.31,-44.4,2.024,5191.0,yes
35,blue-collar,married,high.school,no,yes,no,telephone,aug,fri,543,5,999,0,nonexistent,-3.4,91.783,-43.8,3.609,5008.7,yes
22,admin.,married,professional.course,no,no,no,cellular,apr,fri,195,3,999,0,nonexistent,-0.1,91.719,-37.1,2.274,5099.1,yes
43,admin.,married,university.degree,no,no,no,telephone,dec,tue,259,4,999,0,nonexistent,-0.1,93.0,-36.8,5.1,5191.0,no
43,services,married,high.school,no,no,no,cellular,sep,thu,197,1,999,0,nonexistent,-3.4,94.286,-45.6,1.81,5099.1,no
40,blue-collar,single,professional.course,unknown,no,unknown,cellular,oct,tue,13,1,999,0,nonexistent,-1.7,91.176,-40.5,1.934,5008.7,no
37,self-employed,married,professional.course,unknown,yes,no,cellular,sep,mon,342,3,999,0,nonexistent,1.4,94.411,-37.5,1.225,4963.6,yes
23,technician,married,university.degree,no,yes,no,cellular,aug,mon,175,5,999,0,nonexistent,-1.8,89.761,-42.9,1.636,5017.5,yes
34,blue-collar,married,university.degree,no,yes,no,telephone,jul,wed,260,6,999,0,nonexistent,-1.7,93.496,-38.6,3.499,5008.7,yes
35,management,single,basic.9y,no,yes,no,telephone,nov,wed,174,3,999,0,nonexistent,-3.4,91.305,-43.6,4.455,5008.7,no
30,retired,single,university.degree,no,no,yes,cellular,dec,mon,169,1,999,0,nonexistent,-1.8,91.802,-43.7,5.1,5099.1,yes
38,admin.,married,basic.4y,no,yes,no,cellular,jul,thu,47,2,999,0,nonexistent,1.1,95.607,-46.7,4.039,5191.0,no
44,admin.,married,basic.6y,no,unknown,yes,telephone,dec,tue,81,1,999,0,nonexistent,-1.7,91.518,-33.4,0.88,5008.7,no
62,admin.,married,professional.course,no,no,no,cellular,aug,wed,43,2,999,0,nonexistent,-0.1,92.916,-44.4,5.1,5017.5,yes
42,retired,married,high.school,no,yes,yes,cellular,jul,tue,54,1,999,0,nonexistent,-1.8,91.4,-46.0,3.877,4963.6,no
43,management,single,university.degree,unknown,yes,no,cellular,jul,mon,902,3,999,0,nonexistent,1.1,94.154,-47.2,3.052,5191.0,yes
39,technician,single,university.degree,no,no,yes,cellular,may,wed,41,1,999,0,nonexistent,1.1,93.613,-41.6,4.921,4963.6,no
18,self-employed,married,university.degree,unknown,unknown,no,telephone,jan,tue,78,3,14,2,success,-1.8,93.825,-47.1,5.1,4963.6,yes
39,self-employed,married,professional.course,no,yes,no,telephone,may,wed,223,4,999,0,nonexistent,-3.4,94.696,-45.6,2.66,5017.5,yes
40,management,divorced,basic.9y,no,yes,no,cellular,jul,mon,235,3,999,0,nonexistent,-3.4,92.493,-38.0,1.501,5099.1,no
69,housemaid,married,basic.4y,no,no,yes,cellular,jun,wed,41,1,24,1,success,1.1,94.612,-39.8,5.1,5191.0,no
37,blue-collar,single,high.school,no,no,no,cellular,jul,mon,394,1,999,0,nonexistent,-1.8,95.235,-48.7,5.1,5191.0,yes
43,admin.,married,basic.6y,no,yes,no,cellular,dec,thu,384,4,999,0,nonexistent,-0.1,93.427,-38.4,3.261,5017.5,no
39,blue-collar,married,basic.4y,no,no,yes,cellular,may,thu,67,2,23,1,nonexistent,-1.8,91.341,-41.8,3.056,5191.0,no
25,admin.,married,high.school,no,yes,no,telephone,jul,mon,85,2,999,0,nonexistent,-1.8,91.193,-36.3,3.31,5008.7,yes
53,services,married,university.degree,no,yes,no,cellular,may,wed,695,1,999,0,nonexistent,-3.4,93.663,-34.9,3.809,5076.2,yes
49,student,divorced,university.degree,no,yes,no,cellular,mar,mon,436,2,999,0,nonexistent,-1.7,91.34,-50.0,0.6,5076.2,yes
49,admin.,married,high.school,no,yes,no,cellular,oct,wed,299,2,999,0,nonexistent,-3.4,90.985,-38.2,3.551,5076.2,no
29,admin.,married,university.degree,no,yes,yes,cellular,aug,tue,21,3,999,0,nonexistent,-1.7,94.326,-33.8,3.492,4963.6,no
56,technician,married,basic.9y,no,yes,no,cellular,oct,wed,135,2,999,0,nonexistent,-0.1,92.312,-41.0,3.389,5191.0,no
23,student,married,basic.4y,no,yes,no,telephone,may,wed,204,2,999,0,nonexistent,-1.7,96.629,-38.6,3.301,5017.5,no
47,blue-collar,married,university.degree,no,yes,unknown,cellular,aug,fri,51,4,7,1,success,1.1,92.014,-40.9,3.173,5191.0,no
66,services,married,university.degree,unknown,yes,no,telephone,may,wed,148,2,999,0,nonexistent,1.1,92.254,-37.1,0.6,5017.5,yes
28,admin.,single,university.degree,no,unknown,no,cellular,may,wed,229,4,999,0,nonexistent,1.1,93.539,-40.1,1.702,5191.0,no
33,admin.,married,basic.4y,no,yes,no,cellular,feb,wed,99,1,4,1,failure,1.4,93.307,-52.1,4.541,4963.6,no
41,unemployed,married,university.degree,no,yes,no,cellular,may,fri,379,1,999,0,nonexistent,-1.8,92.874,-42.6,4.963,5008.7,no
33,unemployed,divorced,university.degree,no,no,no,cellular,may,thu,458,1,999,0,nonexistent,-1.8,92.838,-42.9,2.239,5076.2,yes
21,admin.,married,university.degree,no,unknown,yes,cellular,apr,tue,97,3,999,0,nonexistent,1.1,97.864,-38.4,1.278,5076.2,no
40,unemployed,divorced,university.degree,no,yes,no,cellular,dec,fri,456,5,999,0,nonexistent,-0.1,95.491,-36.1,4.291,5191.0,yes
27,management,married,university.degree,no,no,no,telephone,may,wed,27,1,999,0,nonexistent,-0.1,94.265,-43.1,3.491,4963.6,no
45,housemaid,single,university.degree,yes,no,no,telephone,may,fri,454,2,999,0,nonexistent,-3.4,91.162,-48.1,2.78,5076.2,yes
28,technician,single,university.degree,no,no,no,cellular,may,fri,41,2,999,0,nonexistent,-0.1,92.889,-40.5,4.551,5191.0,no
58,services,single,professional.course,no,yes,yes,cellular,aug,mon,21,1,7,2,success,1.4,93.991,-45.9,0.878,5099.1,no
30,technician,divorced,university.degree,no,no,yes,cellular,mar,thu,256,1,999,0,nonexistent,-1.7,94.122,-45.0,5.09,5191.0,no
36,management,married,high.school,unknown,yes,no,cellular,nov,tue,159,1,999,0,nonexistent,1.4,94.916,-30.1,0.6,5017.5,no
49,admin.,divorced,university.degree,no,no,no,cellular,dec,tue,596,1,999,0,nonexistent,-1.7,92.038,-45.4,1.515,5076.2,yes
25,admin.,married,high.school,no,no,no,telephone,may,tue,112,2,999,0,nonexistent,-1.8,92.942,-49.8,1.126,5076.2,no
42,blue-collar,married,basic.9y,no,yes,no,cellular,jul,thu,84,1,23,3,success,-1.7,91.867,-39.0,1.952,5099.1,no
55,retired,married,university.degree,no,no,no,cellular,feb,tue,173,4,999,0,nonexistent,-0.1,95.002,-38.5,3.551,5008.7,no
20,blue-collar,married,professional.course,unknown,yes,no,cellular,aug,mon,152,6,15,1,failure,1.1,94.048,-37.6,4.221,5191.0,yes
42,retired,married,professional.course,no,no,no,cellular,jun,thu,105,1,19,4,success,-0.1,92.239,-37.8,2.853,5008.7,yes
43,unemployed,married,high.school,unknown,yes,no,telephone,may,mon,295,3,999,0,nonexistent,-0.1,93.337,-41.3,0.7,5191.0,no
49,admin.,married,high.school,unknown,yes,no,cellular,may,mon,356,2,999,0,nonexistent,-3.4,93.075,-41.2,0.6,5099.1,yes
25,retired,single,basic.9y,no,yes,no,cellular,aug,tue,479,1,21,2,failure,-1.7,91.68,-37.3,4.523,5008.7,no
24,technician,single,professional.course,no,no,no,telephone,jun,tue,901,4,999,0,nonexistent,-1.7,94.395,-34.0,4.301,4963.6,yes
46,housemaid,married,professional.course,no,yes,no,cellular,may,wed,77,1,12,2,failure,1.4,93.115,-48.3,4.928,5099.1,no
43,admin.,married,university.degree,unknown,yes,no,telephone,aug,mon,314,1,999,0,nonexistent,-1.7,92.206,-45.0,2.762,5191.0,yes
43,retired,married,university.degree,no,yes,yes,cellular,jul,fri,125,3,23,1,nonexistent,1.4,91.654,-38.9,4.203,5017.5,no
44,self-employed,married,university.degree,yes,no,no,cellular,nov,thu,282,1,999,0,nonexistent,-1.7,94.282,-40.7,1.849,5017.5,yes
31,unemployed,married,university.degree,no,no,no,telephone,apr,tue,161,2,999,0,nonexistent,-3.4,93.402,-51.0,3.865,5017.5,yes
42,retired,married,basic.4y,no,yes,no,cellular,oct,tue,1269,4,999,0,nonexistent,-1.8,91.958,-44.9,2.137,5191.0,yes
43,technician,married,high.school,no,yes,yes,cellular,aug,wed,326,3,999,0,nonexistent,-1.7,92.253,-40.5,1.534,5076.2,yes
31,management,divorced,university.degree,no,yes,unknown,cellular,apr,thu,761,2,999,0,nonexistent,1.4,93.008,-41.9,3.418,5099.1,no
62,housemaid,married,university.degree,unknown,yes,no,cellular,aug,mon,450,5,17,4,success,1.1,93.096,-43.8,3.324,5099.1,yes
45,services,married,high.school,yes,yes,no,cellular,jul,mon,583,2,26,2,failure,1.4,93.288,-30.3,4.641,5008.7,no
25,admin.,married,professional.course,unknown,no,yes,telephone,dec,fri,421,1,999,0,nonexistent,1.4,90.346,-42.1,0.688,5099.1,yes
47,student,married,basic.9y,no,yes,no,telephone,may,tue,153,4,999,0,nonexistent,-0.1,93.181,-40.8,4.669,5099.1,no
28,retired,married,high.school,no,yes,no,cellular,aug,tue,72,4,999,0,nonexistent,1.1,91.171,-41.3,3.234,5008.7,no
49,retired,single,university.degree,no,yes,no,cellular,jun,fri,115,4,999,0,nonexistent,1.1,95.129,-40.9,4.922,5099.1,no
53,blue-collar,married,university.degree,no,unknown,no,cellular,dec,thu,5,5,999,0,nonexistent,1.1,94.564,-41.8,4.904,5099.1,no
30,management,married,university.degree,no,no,no,cellular,may,tue,185,3,7,2,success,-1.7,94.735,-52.4,0.6,4963.6,no
51,technician,divorced,basic.9y,no,no,no,cellular,dec,thu,175,1,999,0,nonexistent,-0.1,89.312,-47.0,4.888,5191.0,no
44,management,single,basic.9y,no,yes,no,cellular,dec,mon,186,1,999,0,nonexistent,-0.1,92.551,-43.6,4.968,5008.7,no
49,admin.,single,university.degree,unknown,yes,yes,telephone,may,thu,912,4,999,0,nonexistent,-3.4,92.883,-37.9,0.735,4963.6,yes
62,management,married,university.degree,no,yes,no,cellular,nov,wed,606,7,999,0,nonexistent,-0.1,93.862,-43.5,0.6,5076.2,yes
37,unemployed,single,basic.9y,no,yes,no,cellular,dec,fri,44,1,999,0,nonexistent,1.4,94.351,-46.2,4.395,5008.7,no
30,admin.,married,university.degree,no,yes,no,cellular,may,fri,115,1,999,0,nonexistent,-0.1,94.927,-37.3,3.205,5191.0,no
29,unemployed,married,high.school,no,no,no,telephone,jul,fri,137,1,999,0,nonexistent,-0.1,89.525,-35.2,1.844,5099.1,yes
30,technician,married,university.degree,no,no,no,telephone,jul,fri,111,1,999,0,nonexistent,-1.8,91.798,-49.7,5.1,5099.1,no
39,housemaid,married,university.degree,unknown,no,yes,cellular,may,wed,400,3,999,0,nonexistent,1.1,93.087,-41.5,3.545,4963.6,yes
44,entrepreneur,married,basic.9y,unknown,yes,no,cellular,feb,tue,185,1,999,0,nonexistent,-1.7,94.244,-55.4,0.6,4963.6,no
43,services,married,basic.4y,unknown,no,no,telephone,may,wed,212,2,999,0,nonexistent,1.4,94.203,-43.6,1.168,5076.2,yes
49,retired,divorced,university.degree,unknown,yes,yes,cellular,may,thu,479,2,999,0,nonexistent,1.4,93.712,-32.6,4.876,5076.2,no
40,housemaid,divorced,university.degree,no,yes,no,telephone,jul,fri,409,1,9,4,failure,1.4,92.044,-41.5,3.064,5191.0,no
57,technician,single,university.degree,no,no,yes,cellular,may,tue,35,6,999,0,nonexistent,-3.4,92.235,-48.9,1.704,5099.1,no
36,blue-collar,married,university.degree,no,yes,no,cellular,nov,fri,312,1,19,2,success,-1.7,92.056,-48.8,3.814,5017.5,yes
72,management,single,university.degree,no,yes,yes,cellular,sep,fri,142,8,999,0,nonexistent,1.4,91.528,-46.7,1.906,5076.2,no
47,self-employed,married,professional.course,no,yes,no,telephone,apr,fri,87,3,999,0,nonexistent,1.4,91.507,-45.4,0.755,5099.1,no
29,entrepreneur,single,high.school,no,no,no,cellular,aug,fri,12,3,999,0,nonexistent,1.4,91.364,-51.5,4.83,5076.2,no
27,entrepreneur,married,high.school,no,no,no,telephone,aug,tue,166,1,8,3,success,-0.1,93.504,-40.4,5.1,5008.7,no
45,technician,single,high.school,no,yes,no,cellular,dec,mon,109,2,999,0,nonexistent,-0.1,93.186,-39.3,3.866,4963.6,no
37,self-employed,married,basic.9y,no,no,no,cellular,jan,mon,72,1,999,0,nonexistent,-1.8,91.61,-43.8,0.6,5099.1,yes
48,admin.,single,university.degree,no,yes,no,cellular,may,tue,296,1,999,0,nonexistent,1.4,90.433,-31.8,5.1,5076.2,no
45,services,divorced,basic.9y,no,yes,no,cellular,dec,thu,366,2,999,0,nonexistent,1.1,92.446,-44.1,5.1,4963.6,no
39,admin.,married,professional.course,no,no,no,cellular,dec,fri,70,1,999,0,nonexistent,-3.4,95.22,-36.0,5.1,5017.5,no
29,blue-collar,married,university.degree,no,no,no,cellular,sep,fri,12,1,999,0,nonexistent,-1.8,93.009,-48.9,3.547,5076.2,no
21,technician,divorced,university.degree,no,unknown,no,telephone,oct,thu,472,4,999,0,nonexistent,-0.1,94.2,-40.5,3.164,5099.1,no
34,technician,married,high.school,no,yes,yes,cellular,apr,mon,2,4,7,4,failure,1.1,93.27,-39.7,3.787,5008.7,yes
50,retired,single,basic.4y,no,no,no,telephone,jul,mon,691,1,999,0,nonexistent,-1.8,92.913,-45.6,0.945,4963.6,yes
42,technician,married,basic.4y,no,no,no,cellular,may,mon,246,9,10,3,failure,-1.8,90.79,-41.2,2.019,4963.6,yes
25,technician,married,high.school,no,no,no,telephone,may,tue,97,2,999,0,nonexistent,-1.8,92.39,-45.6,1.945,5008.7,no
42,blue-collar,married,basic.6y,no,yes,no,cellular,nov,wed,70,2,14,4,success,-1.8,92.198,-43.6,4.093,5099.1,yes
44,technician,married,university.degree,no,no,no,cellular,may,mon,2,1,999,0,nonexistent,1.4,95.222,-43.4,3.445,5191.0,no
29,blue-collar,single,university.degree,no,no,no,cellular,jul,tue,67,2,999,0,nonexistent,1.1,93.275,-49.0,1.275,5017.5,no
41,admin.,married,university.degree,yes,yes,no,cellular,dec,mon,37,2,999,0,nonexistent,1.1,94.916,-39.4,0.6,5191.0,no
40,management,married,university.degree,no,yes,yes,telephone,may,thu,236,3,999,0,nonexistent,1.1,94.691,-39.0,3.64,5008.7,no
26,management,married,basic.9y,no,yes,no,cellular,dec,wed,45,1,26,3,success,-1.7,91.731,-43.9,1.086,5017.5,no
44,management,married,university.degree,no,no,no,cellular,dec,wed,188,1,999,0,nonexistent,1.1,93.002,-40.8,0.741,5099.1,yes
46,technician,single,university.degree,no,no,no,telephone,jul,wed,222,2,999,0,nonexistent,1.4,95.527,-46.6,5.1,5076.2,yes
52,technician,divorced,basic.9y,no,no,no,cellular,may,fri,88,3,999,0,nonexistent,1.1,93.845,-48.3,5.1,5076.2,no
52,housemaid,married,university.degree,no,no,no,telephone,may,tue,8,2,999,0,nonexistent,-0.1,93.754,-44.0,2.192,5191.0,no
23,services,single,basic.9y,no,yes,no,cellular,jul,wed,9,1,999,0,nonexistent,1.1,94.37,-38.5,0.6,5099.1,no
28,technician,single,university.degree,no,yes,no,telephone,may,thu,6,3,999,0,nonexistent,1.4,93.721,-42.4,5.1,5017.5,yes
46,admin.,married,professional.course,no,yes,no,cellular,may,wed,335,1,999,0,nonexistent,-1.8,93.82,-44.2,3.605,5191.0,no
46,blue-collar,divorced,basic.4y,no,yes,no,cellular,dec,fri,95,4,999,0,nonexistent,-1.7,93.453,-40.3,4.386,5008.7,no
46,technician,married,professional.course,no,yes,no,cellular,may,tue,397,7,999,0,nonexistent,1.4,92.49,-46.6,1.857,5191.0,no
86,technician,married,university.degree,no,yes,no,telephone,sep,wed,141,1,999,0,nonexistent,1.4,91.413,-48.1,1.131,5099.1,no
46,management,single,professional.course,no,yes,no,cellular,jan,mon,150,2,999,0,nonexistent,-0.1,90.215,-43.8,2.569,5099.1,yes
53,services,married,high.school,no,yes,yes,cellular,aug,thu,179,5,19,2,failure,-1.7,92.506,-46.3,3.314,5076.2,no
51,management,single,university.degree,no,yes,yes,cellular,dec,tue,312,3,999,0,nonexistent,-1.7,93.655,-47.9,1.683,5008.7,yes
47,entrepreneur,single,basic.4y,unknown,yes,no,telephone,may,mon,79,3,999,0,nonexistent,-0.1,93.358,-37.5,5.1,5076.2,no
36,self-employed,married,high.school,no,yes,no,telephone,may,wed,32,4,999,0,nonexistent,1.4,93.954,-31.0,0.6,5017.5,no
49,retired,single,basic.4y,no,no,no,telephone,aug,wed,203,2,999,0,nonexistent,-1.8,92.811,-49.8,3.737,5017.5,yes
30,unemployed,married,professional.course,no,no,yes,cellular,sep,mon,98,3,999,0,nonexistent,-0.1,97.083,-44.1,3.227,4963.6,yes
37,admin.,married,university.degree,no,no,no,cellular,aug,thu,146,3,999,0,nonexistent,1.4,96.041,-41.1,5.1,5099.1,yes
34,blue-collar,single,university.degree,no,yes,no,cellular,may,thu,260,2,999,0,nonexistent,-1.7,90.724,-50.6,1.273,5008.7,no
40,admin.,divorced,professional.course,no,no,no,telephone,may,mon,170,5,999,0,nonexistent,1.1,93.985,-43.1,4.27,5008.7,no
67,management,married,basic.6y,no,no,yes,cellular,dec,wed,242,6,999,0,nonexistent,-1.7,94.453,-42.8,3.859,5076.2,no
18,student,married,high.school,unknown,no,no,cellular,dec,thu,196,4,999,0,nonexistent,1.4,89.816,-39.6,3.439,5191.0,yes
48,blue-collar,single,basic.4y,no,yes,unknown,telephone,jul,wed,336,1,5,2,nonexistent,1.4,93.25,-45.9,1.404,5191.0,yes
20,student,single,basic.9y,no,no,no,cellular,nov,tue,305,3,999,0,nonexistent,-1.7,93.775,-44.8,1.608,5076.2,no
34,admin.,single,basic.9y,unknown,no,no,cellular,jul,tue,190,1,999,0,nonexistent,1.4,92.992,-37.1,2.467,5191.0,no
53,student,married,high.school,no,no,no,cellular,jul,thu,284,3,999,0,nonexistent,1.4,93.579,-39.9,2.095,5008.7,yes
40,technician,married,basic.9y,unknown,no,no,cellular,may,fri,516,1,999,0,nonexistent,1.4,93.119,-38.4,5.1,5076.2,yes
27,admin.,married,basic.6y,no,yes,no,telephone,jul,thu,141,3,999,0,nonexistent,-0.1,94.054,-50.8,3.244,5191.0,no
31,technician,single,basic.9y,unknown,no,no,cellular,jul,mon,133,2,999,0,nonexistent,-0.1,95.323,-45.3,4.431,4963.6,no
48,blue-collar,married,basic.9y,no,yes,unknown,cellular,feb,wed,361,2,999,0,nonexistent,-1.7,94.156,-34.4,0.6,5099.1,yes
31,blue-collar,married,professional.course,no,no,no,cellular,jul,fri,218,1,999,0,nonexistent,-1.7,94.763,-42.4,0.6,4963.6,yes
42,blue-collar,divorced,university.degree,unknown,yes,yes,cellular,oct,mon,18,4,999,0,nonexistent,-0.1,91.414,-42.6,2.68,5191.0,no
40,self-employed,married,professional.course,no,yes,no,telephone,aug,fri,556,5,999,0,nonexistent,-1.8,96.041,-42.4,0.699,5017.5,yes
32,services,divorced,high.school,no,yes,yes,cellular,aug,fri,7,1,999,0,nonexistent,1.1,93.472,-34.2,3.072,5008.7,yes
65,blue-collar,single,basic.9y,no,no,no,cellular,dec,mon,344,1,999,0,nonexistent,-0.1,92.414,-45.7,1.482,4963.6,no
47,management,single,university.degree,no,yes,yes,cellular,feb,fri,355,3,999,0,nonexistent,1.4,93.623,-38.6,3.551,4963.6,no
18,retired,married,high.school,no,no,yes,cellular,jul,tue,764,4,999,0,nonexistent,1.4,92.183,-40.7,1.591,5076.2,yes
42,blue-collar,married,high.school,no,no,no,cellular,oct,fri,13,4,999,0,nonexistent,-1.7,93.207,-48.8,4.01,5076.2,no
32,technician,single,basic.9y,no,yes,no,telephone,jul,wed,227,4,999,0,nonexistent,-0.1,93.452,-43.5,1.414,5076.2,no
50,admin.,single,basic.6y,no,yes,no,telephone,may,wed,139,1,999,0,nonexistent,1.1,91.971,-46.2,0.6,5191.0,no
30,blue-collar,single,basic.9y,no,yes,no,telephone,may,thu,100,1,999,0,nonexistent,-1.8,93.234,-48.4,4.535,5017.5,no
38,retired,married,high.school,no,no,yes,cellular,nov,thu,23,3,999,0,nonexistent,-3.4,91.949,-36.0,1.616,4963.6,no
46,blue-collar,single,university.degree,no,no,no,cellular,jul,mon,206,4,999,0,nonexistent,1.4,91.939,-48.1,5.1,5099.1,yes
50,services,single,basic.4y,no,yes,no,cellular,nov,wed,163,2,999,0,nonexistent,-1.8,91.484,-38.3,1.845,5076.2,yes
25,retired,single,basic.9y,no,yes,no,cellular,aug,mon,27,1,999,0,nonexistent,1.4,92.439,-46.3,1.519,5017.5,no
35,admin.,single,university.degree,no,no,no,cellular,aug,tue,237,1,17,3,failure,1.4,92.174,-35.2,2.489,5191.0,yes
34,services,single,basic.9y,no,no,yes,cellular,nov,tue,334,2,999,0,nonexistent,-0.1,93.711,-44.1,1.991,5017.5,no
32,blue-collar,single,high.school,no,no,no,telephone,aug,wed,364,3,999,0,nonexistent,1.4,94.644,-40.3,3.227,5076.2,yes
61,unemployed,married,university.degree,no,no,no,cellular,jun,tue,589,1,999,0,nonexistent,-1.7,93.993,-44.8,3.725,5008.7,yes
44,technician,married,basic.9y,unknown,yes,no,cellular,jul,mon,131,1,999,0,nonexistent,1.4,94.459,-52.8,3.998,4963.6,yes
24,self-employed,married,basic.6y,no,yes,no,telephone,nov,mon,764,3,999,0,nonexistent,1.4,94.332,-50.3,2.846,5076.2,yes
51,services,married,high.school,no,yes,no,cellular,jun,mon,501,4,18,1,success,-3.4,91.61,-51.5,0.6,5099.1,no
65,admin.,married,high.school,no,yes,no,telephone,jun,wed,87,3,999,0,nonexistent,-0.1,92.499,-40.7,5.1,4963.6,no
52,management,married,university.degree,yes,yes,no,telephone,apr,fri,43,3,999,0,nonexistent,1.1,95.669,-42.1,2.335,5017.5,no
21,unemployed,married,university.degree,unknown,yes,no,telephone,dec,mon,142,2,999,0,nonexistent,-3.4,92.183,-39.0,2.241,5099.1,no
34,management,married,basic.6y,no,yes,no,cellular,apr,fri,128,3,999,0,nonexistent,1.4,95.781,-45.4,2.84,4963.6,no
55,self-employed,single,university.degree,no,no,no,telephone,aug,thu,214,1,999,0,nonexistent,-0.1,92.374,-52.9,2.53,5099.1,no
31,housemaid,divorced,high.school,unknown,no,no,cellular,jun,thu,218,4,999,0,nonexistent,-0.1,89.929,-35.5,0.6,5017.5,no
45,blue-collar,married,basic.9y,no,no,no,telephone,jun,thu,346,3,25,4,success,-1.8,92.629,-37.1,4.035,5076.2,no
49,blue-collar,divorced,university.degree,no,no,no,cellular,aug,fri,178,3,999,0,nonexistent,1.1,94.27,-40.1,1.523,5099.1,no
28,management,married,basic.9y,no,yes,no,cellular,mar,mon,27,2,999,0,nonexistent,1.4,95.495,-36.4,2.417,5076.2,no
39,technician,married,high.school,no,no,no,cellular,aug,wed,488,2,999,0,nonexistent,-0.1,90.783,-42.5,5.1,5017.5,no
18,self-employed,married,basic.6y,unknown,yes,no,cellular,oct,thu,92,1,999,0,nonexistent,1.1,94.242,-40.7,4.7,5017.5,no
27,student,married,high.school,unknown,no,yes,telephone,nov,wed,887,1,999,0,nonexistent,1.1,94.34,-45.5,5.1,5099.1,yes
36,technician,single,high.school,no,yes,no,telephone,may,fri,31,3,999,0,nonexistent,-1.8,94.952,-47.4,1.781,5099.1,no
25,blue-collar,single,university.degree,no,unknown,no,telephone,nov,mon,794,6,999,0,nonexistent,-0.1,88.993,-49.9,4.314,5017.5,yes
59,entrepreneur,married,basic.4y,unknown,yes,no,cellular,aug,thu,23,1,999,0,nonexistent,-1.8,95.485,-45.8,3.726,5099.1,no
22,blue-collar,married,high.school,no,yes,no,telephone,nov,wed,65,1,999,0,nonexistent,-3.4,93.661,-28.7,2.902,5099.1,no
34,self-employed,married,high.school,no,no,no,cellular,jul,tue,11,1,999,0,nonexistent,-3.4,93.688,-49.6,1.649,5099.1,no
41,technician,married,university.degree,unknown,yes,no,telephone,jul,tue,305,2,999,0,nonexistent,1.4,94.558,-46.7,4.952,5191.0,yes
57,management,married,university.degree,no,no,no,telephone,dec,thu,474,2,5,1,success,1.4,89.993,-41.4,2.075,5099.1,yes
22,admin.,married,university.degree,no,no,no,cellular,nov,fri,142,4,999,0,nonexistent,-3.4,94.522,-30.0,3.245,4963.6,no
53,management,single,university.degree,no,no,no,telephone,jul,wed,659,3,19,4,nonexistent,-1.7,96.562,-47.2,4.644,5017.5,yes
40,technician,divorced,university.degree,unknown,unknown,no,cellular,may,fri,223,3,999,0,nonexistent,-1.8,90.947,-45.1,1.242,5017.5,no
28,management,married,high.school,no,unknown,no,cellular,jun,wed,248,1,999,0,nonexistent,1.4,92.903,-38.6,1.04,5008.7,no
45,admin.,divorced,high.school,no,yes,no,cellular,jun,mon,466,2,999,0,nonexistent,-0.1,93.056,-38.9,5.1,5076.2,no
42,retired,married,university.degree,no,no,no,cellular,may,mon,88,1,999,0,nonexistent,1.1,93.535,-45.5,1.452,5008.7,yes
32,housemaid,married,professional.course,no,no,yes,telephone,may,mon,109,1,999,0,nonexistent,-0.1,93.639,-46.2,5.1,5099.1,no
40,blue-collar,married,university.degree,no,no,no,cellular,nov,tue,590,7,999,0,nonexistent,1.1,91.993,-39.8,2.905,5099.1,yes
35,admin.,single,high.school,no,yes,no,cellular,mar,tue,578,5,999,0,nonexistent,-1.7,93.06,-43.5,2.233,4963.6,yes
41,admin.,divorced,basic.9y,no,no,yes,cellular,aug,thu,937,1,10,2,success,-1.8,95.616,-40.6,2.412,4963.6,yes
47,management,single,high.school,no,unknown,no,telephone,may,thu,580,1,999,0,nonexistent,-3.4,93.609,-42.8,2.888,4963.6,yes
59,management,married,university.degree,unknown,no,no,telephone,may,mon,34,2,999,0,nonexistent,-0.1,93.552,-40.2,5.1,4963.6,no
25,services,single,high.school,no,yes,no,telephone,mar,tue,433,1,999,0,nonexistent,1.4,91.928,-39.7,4.361,4963.6,no
65,blue-collar,married,high.school,unknown,yes,yes,telephone,may,tue,131,4,999,0,nonexistent,-1.7,95.009,-51.7,2.619,4963.6,no
18,technician,single,university.degree,no,yes,yes,cellular,oct,wed,1172,3,999,0,nonexistent,-1.8,92.675,-44.3,0.6,4963.6,yes
38,management,married,high.school,no,no,no,cellular,nov,mon,159,3,999,0,nonexistent,1.4,89.925,-40.3,3.037,4963.6,yes
47,technician,married,university.degree,no,no,no,cellular,may,mon,201,3,999,0,nonexistent,-1.8,93.63,-37.9,3.239,5191.0,no
43,unemployed,married,high.school,no,yes,no,cellular,jul,fri,188,1,999,0,nonexistent,-3.4,94.06,-43.7,5.1,4963.6,no
32,admin.,single,high.school,unknown,yes,no,telephone,jul,fri,97,3,3,3,nonexistent,1.4,92.552,-51.2,0.6,5017.5,yes
37,retired,married,high.school,no,yes,no,cellular,nov,mon,19,3,999,0,nonexistent,1.1,89.652,-35.8,2.112,4963.6,no
34,technician,single,university.degree,no,yes,no,telephone,oct,wed,565,1,999,0,nonexistent,-0.1,91.326,-37.7,2.055,5076.2,no
32,technician,married,basic.6y,no,no,no,cellular,jul,tue,405,5,999,0,nonexistent,1.1,92.827,-41.5,2.899,4963.6,no
50,retired,single,basic.9y,no,no,no,cellular,aug,thu,37,3,999,0,nonexistent,1.1,92.414,-44.3,3.164,5191.0,no
44,retired,single,professional.course,no,yes,no,cellular,nov,wed,374,3,9,3,nonexistent,-3.4,93.663,-39.0,3.789,5099.1,yes
31,unemployed,single,basic.9y,no,no,no,telephone,jan,mon,245,2,999,0,nonexistent,1.1,93.888,-44.3,0.6,5191.0,no
50,admin.,married,university.degree,no,yes,no,telephone,jun,thu,131,1,999,0,nonexistent,1.1,92.346,-37.6,3.311,5191.0,no
43,admin.,married,university.degree,no,unknown,yes,telephone,dec,tue,73,3,999,0,nonexistent,1.4,90.902,-33.0,3.442,5099.1,no
49,retired,married,high.school,no,yes,no,cellular,sep,tue,491,3,999,0,nonexistent,1.4,95.18,-44.4,3.135,4963.6,no
47,services,single,university.degree,no,yes,no,telephone,jul,tue,301,2,999,0,nonexistent,-1.7,93.841,-38.1,2.68,4963.6,yes
30,blue-collar,married,basic.9y,no,yes,no,cellular,jul,wed,198,5,19,1,nonexistent,-0.1,94.007,-45.3,0.6,5099.1,yes
33,admin.,married,university.degree,no,no,no,cellular,may,tue,235,2,999,0,nonexistent,-1.8,93.576,-36.9,4.023,5076.2,no
48,admin.,married,high.school,no,no,yes,telephone,jul,tue,23,2,999,0,nonexistent,-3.4,94.646,-43.2,1.248,5008.7,no
47,student,married,university.degree,no,no,no,cellular,aug,tue,160,4,999,0,nonexistent,-0.1,92.428,-34.8,4.105,5017.5,yes
39,blue-collar,single,basic.9y,no,yes,no,telephone,jun,mon,53,1,21,4,failure,1.1,94.242,-43.4,5.1,5099.1,no
41,blue-collar,married,university.degree,no,yes,no,cellular,sep,thu,58,3,999,0,nonexistent,-0.1,94.003,-46.5,0.6,4963.6,no
55,blue-collar,single,basic.9y,unknown,yes,no,cellular,nov,mon,270,2,999,0,nonexistent,-0.1,93.953,-43.7,4.05,5017.5,yes
32,technician,married,basic.9y,no,no,no,telephone,may,mon,605,3,999,0,nonexistent,1.4,91.208,-43.1,0.776,4963.6,yes
46,admin.,married,basic.9y,no,yes,no,cellular,jul,thu,129,3,22,4,failure,1.1,93.209,-40.8,2.924,5008.7,yes
37,services,married,basic.9y,unknown,no,no,telephone,jun,thu,58,2,999,0,nonexistent,1.1,93.581,-43.6,2.773,5008.7,no
37,admin.,married,university.degree,unknown,no,no,cellular,aug,fri,261,3,6,4,failure,-3.4,95.668,-40.8,4.362,5099.1,no
53,self-employed,married,basic.9y,no,no,no,cellular,may,wed,512,2,999,0,nonexistent,1.1,93.15,-40.7,4.094,5017.5,no
49,blue-collar,single,professional.course,unknown,yes,yes,cellular,aug,tue,344,2,18,3,success,1.4,94.623,-44.1,3.472,5191.0,no
49,services,married,professional.course,no,yes,no,cellular,nov,thu,507,4,999,0,nonexistent,-3.4,90.77,-40.4,0.6,5017.5,yes
55,housemaid,single,university.degree,no,yes,yes,cellular,jun,thu,192,3,6,2,success,-0.1,91.925,-44.9,0.6,5191.0,yes
40,management,married,basic.9y,no,no,no,cellular,dec,tue,348,4,999,0,nonexistent,1.4,93.659,-32.0,4.642,5008.7,no
48,services,married,high.school,no,no,no,telephone,dec,fri,37,6,13,4,nonexistent,-0.1,93.646,-40.5,4.344,4963.6,yes
36,blue-collar,single,university.degree,no,yes,no,cellular,apr,mon,107,3,999,0,nonexistent,-0.1,91.925,-38.9,1.205,5191.0,no
43,blue-collar,married,high.school,no,yes,no,cellular,may,fri,123,3,999,0,nonexistent,-1.8,94.434,-43.0,3.625,5191.0,no
38,management,married,basic.6y,no,no,no,cellular,dec,fri,178,1,999,0,nonexistent,-0.1,92.749,-45.6,2.623,5099.1,yes
41,unemployed,married,university.degree,yes,no,no,cellular,dec,thu,661,5,999,0,nonexistent,-0.1,92.714,-37.8,4.956,5076.2,yes
47,management,married,university.degree,unknown,yes,no,telephone,apr,fri,518,2,15,3,failure,-1.8,92.882,-40.4,3.15,5008.7,yes
30,services,single,university.degree,no,no,no,telephone,feb,thu,36,1,999,0,nonexistent,-0.1,95.008,-55.1,4.621,5191.0,no
65,retired,married,basic.9y,unknown,yes,no,cellular,may,mon,47,4,999,0,nonexistent,-1.8,94.633,-32.4,1.896,5008.7,no
27,technician,single,university.degree,unknown,yes,no,telephone,dec,wed,110,4,1,4,success,1.1,95.825,-38.3,3.513,5099.1,yes
25,admin.,single,basic.9y,no,no,no,cellular,may,mon,85,3,999,0,nonexistent,1.4,93.826,-43.9,2.257,4963.6,no
53,services,married,basic.9y,no,no,no,cellular,jul,tue,238,4,3,1,success,-0.1,95.896,-39.0,1.887,5017.5,no
49,unemployed,divorced,university.degree,no,no,no,telephone,nov,thu,582,1,999,0,nonexistent,1.1,93.357,-39.9,0.6,5008.7,yes
47,admin.,married,basic.9y,unknown,yes,no,cellular,feb,tue,819,4,999,0,nonexistent,-0.1,92.81,-39.5,4.662,5099.1,no
47,retired,divorced,basic.9y,no,no,no,telephone,aug,tue,265,1,999,0,nonexistent,-1.8,92.343,-46.4,5.1,5099.1,no
39,blue-collar,married,basic.4y,no,yes,no,telephone,may,wed,455,5,999,0,nonexistent,1.4,92.736,-41.6,0.6,5099.1,no
29,services,single,university.degree,no,yes,no,cellular,nov,fri,186,1,2,1,nonexistent,-1.8,92.809,-40.5,4.248,5017.5,yes
40,admin.,married,university.degree,no,no,no,telephone,may,mon,58,2,999,0,nonexistent,-1.8,91.971,-35.8,4.173,5008.7,yes
31,technician,married,university.degree,no,yes,no,telephone,aug,tue,185,2,18,2,success,-0.1,92.114,-41.5,2.074,5191.0,yes
51,entrepreneur,single,university.degree,no,no,no,cellular,aug,mon,202,1,999,0,nonexistent,1.1,93.911,-39.8,1.673,5099.1,no
38,blue-collar,single,basic.9y,no,no,no,cellular,may,thu,339,4,26,4,failure,-1.7,92.268,-46.6,5.1,5017.5,no
30,management,married,high.school,yes,yes,no,cellular,mar,mon,62,1,999,0,nonexistent,-1.8,90.449,-41.7,4.935,4963.6,yes
36,entrepreneur,married,high.school,unknown,yes,no,telephone,jun,thu,114,4,999,0,nonexistent,1.4,90.373,-37.7,3.813,5076.2,no
44,student,single,basic.6y,no,yes,no,telephone,may,tue,113,2,999,0,nonexistent,-1.7,89.854,-45.4,2.064,5008.7,yes
33,blue-collar,single,high.school,unknown,yes,no,cellular,nov,mon,801,1,999,0,nonexistent,-1.8,90.874,-43.9,4.961,5017.5,yes
30,technician,divorced,professional.course,no,no,yes,cellular,nov,fri,146,1,999,0,nonexistent,-1.7,91.2,-46.8,1.494,5076.2,yes
42,admin.,single,basic.4y,no,no,no,cellular,jul,mon,351,3,999,0,nonexistent,-1.8,91.539,-48.8,5.1,5076.2,yes
42,unemployed,divorced,high.school,no,yes,no,cellular,aug,wed,347,2,999,0,nonexistent,-0.1,93.429,-46.3,5.1,5017.5,no
33,student,single,basic.9y,unknown,yes,no,cellular,aug,mon,77,1,999,0,nonexistent,1.1,91.092,-39.2,5.1,5191.0,no
34,services,married,basic.9y,unknown,no,no,cellular,nov,wed,212,3,999,0,nonexistent,1.1,91.621,-43.2,3.617,5191.0,yes
42,self-employed,married,professional.course,no,no,no,cellular,jul,wed,561,1,999,0,nonexistent,-1.8,90.252,-46.3,0.6,5017.5,yes
22,services,single,high.school,unknown,yes,no,cellular,may,tue,161,1,999,0,nonexistent,-1.8,92.009,-31.1,2.667,5017.5,yes
23,management,single,high.school,no,yes,yes,cellular,may,mon,725,6,2,1,success,-3.4,94.086,-45.5,5.1,5099.1,no
31,admin.,married,university.degree,no,no,no,cellular,jul,tue,60,2,999,0,nonexistent,-1.8,92.965,-38.9,4.687,4963.6,no
37,entrepreneur,married,basic.9y,no,yes,no,telephone,jul,thu,19,5,22,2,failure,-3.4,93.123,-40.3,3.784,5191.0,no
43,admin.,divorced,high.school,no,yes,yes,cellular,jul,thu,555,2,999,0,nonexistent,-1.7,92.997,-40.8,1.774,5099.1,yes
57,self-employed,married,high.school,no,no,yes,cellular,apr,wed,470,4,999,0,nonexistent,-1.8,91.073,-51.2,4.844,5076.2,yes
50,entrepreneur,married,university.degree,unknown,no,no,cellular,sep,wed,1226,1,999,0,nonexistent,-0.1,92.387,-35.6,0.6,5076.2,yes
38,retired,married,professional.course,no,no,yes,cellular,may,tue,284,3,999,0,nonexistent,-1.7,93.331,-40.4,2.692,5076.2,yes
39,admin.,married,university.degree,no,no,no,cellular,may,tue,689,1,16,4,nonexistent,-3.4,94.454,-37.4,5.1,5017.5,yes
27,blue-collar,married,high.school,no,no,yes,cellular,jun,mon,438,1,999,0,nonexistent,-1.7,93.545,-36.3,1.552,5008.7,yes
39,blue-collar,married,university.degree,no,yes,no,cellular,may,tue,465,2,999,0,nonexistent,-1.8,94.321,-33.4,4.097,5099.1,no
36,technician,married,basic.9y,unknown,yes,no,telephone,aug,tue,210,1,12,1,success,1.1,91.371,-47.0,0.6,5008.7,yes
43,admin.,single,basic.4y,no,yes,no,telephone,jun,wed,120,1,999,0,nonexistent,-1.7,90.745,-45.6,1.826,4963.6,yes
30,student,married,basic.9y,no,yes,no,telephone,jul,wed,681,3,999,0,nonexistent,-1.8,90.371,-44.9,3.323,4963.6,no
46,services,single,high.school,unknown,no,no,telephone,jul,fri,141,1,999,0,nonexistent,-1.7,94.226,-46.3,3.637,5099.1,no
58,blue-collar,single,high.school,no,no,no,telephone,may,mon,193,3,8,1,failure,-1.8,90.84,-35.4,5.1,5076.2,yes
38,technician,married,university.degree,no,unknown,no,cellular,may,thu,147,1,999,0,nonexistent,1.1,94.593,-47.0,2.093,5191.0,yes
44,technician,single,professional.course,no,no,no,telephone,nov,fri,207,4,999,0,nonexistent,1.4,92.331,-43.9,4.07,4963.6,no
48,management,married,high.school,no,yes,no,cellular,jul,wed,158,3,999,0,nonexistent,-3.4,95.503,-50.2,4.019,5008.7,no
35,services,single,high.school,no,yes,no,cellular,jun,tue,12,5,999,0,nonexistent,1.1,92.327,-38.3,1.94,5008.7,no
42,student,married,basic.4y,no,no,no,telephone,mar,tue,534,5,6,3,success,-1.7,92.409,-42.6,4.721,5191.0,yes
40,technician,single,basic.4y,unknown,no,no,cellular,jul,mon,146,1,999,0,nonexistent,-3.4,93.1,-37.6,4.203,5017.5,no
41,unemployed,single,university.degree,unknown,no,yes,cellular,jul,tue,222,3,999,0,nonexistent,-3.4,92.378,-38.5,2.508,5076.2,yes
30,housemaid,married,high.school,no,no,no,cellular,jul,thu,37,2,6,1,nonexistent,1.4,93.627,-50.2,3.35,5017.5,no
40,blue-collar,married,university.degree,no,no,no,telephone,sep,mon,0,2,999,0,nonexistent,-1.7,91.433,-41.1,1.273,5099.1,yes
45,student,single,basic.9y,unknown,no,no,telephone,may,tue,70,5,999,0,nonexistent,1.4,93.28,-47.5,1.406,4963.6,yes
57,admin.,single,basic.4y,no,yes,no,telephone,may,thu,304,5,999,0,nonexistent,-0.1,91.874,-41.3,2.961,5191.0,yes
51,self-employed,married,high.school,no,no,no,cellular,nov,thu,26,2,999,0,nonexistent,-1.8,92.692,-44.9,4.345,5191.0,no
65,technician,single,basic.9y,no,no,no,telephone,dec,wed,598,1,999,0,nonexistent,1.1,90.937,-32.8,2.4,5191.0,yes
30,housemaid,married,basic.4y,unknown,yes,no,cellular,may,thu,60,4,999,0,nonexistent,1.4,94.308,-28.7,1.89,5017.5,no
50,housemaid,single,university.degree,no,no,no,telephone,jul,tue,57,3,999,0,nonexistent,1.4,92.466,-43.2,2.585,5017.5,no
42,self-employed,married,basic.6y,no,yes,no,cellular,may,mon,50,5,999,0,nonexistent,1.1,94.374,-41.5,4.492,5099.1,no
66,entrepreneur,single,university.degree,no,no,no,cellular,mar,tue,3,1,999,0,nonexistent,-1.7,91.895,-53.4,0.6,5008.7,no
30,blue-collar,married,basic.9y,unknown,yes,yes,cellular,may,wed,369,1,999,0,nonexistent,-3.4,92.986,-50.2,4.55,5008.7,no
29,admin.,married,basic.9y,no,no,no,telephone,may,fri,519,2,999,0,nonexistent,-1.8,94.389,-40.1,3.922,5099.1,yes
32,technician,married,high.school,unknown,yes,no,telephone,sep,mon,238,1,14,2,success,-0.1,91.237,-42.2,0.6,5191.0,yes
18,admin.,married,university.degree,no,no,no,cellular,jul,wed,52,4,999,0,nonexistent,1.4,91.677,-39.9,2.577,5008.7,no
33,retired,married,high.school,no,yes,no,cellular,may,tue,83,1,3,3,success,1.1,94.216,-46.0,4.145,5099.1,yes
30,blue-collar,married,university.degree,no,yes,no,telephone,jan,wed,161,4,9,1,success,1.4,95.021,-40.5,0.6,5008.7,yes
41,unemployed,single,basic.6y,no,yes,no,cellular,nov,mon,771,1,999,0,nonexistent,-1.7,93.024,-54.6,1.136,5099.1,yes
44,management,married,university.degree,unknown,no,yes,cellular,may,tue,71,1,999,0,nonexistent,1.1,91.546,-45.0,0.6,5008.7,no
62,self-employed,married,basic.9y,no,yes,no,cellular,aug,fri,328,3,999,0,nonexistent,1.4,92.523,-39.7,1.96,5191.0,no
51,admin.,married,university.degree,no,yes,no,cellular,may,wed,144,4,999,0,nonexistent,-0.1,95.955,-33.5,4.868,5017.5,no
33,housemaid,married,university.degree,no,no,no,telephone,aug,wed,88,4,999,0,nonexistent,-0.1,91.0,-42.6,4.437,5017.5,no
29,student,married,professional.course,no,yes,no,telephone,may,tue,152,3,999,0,nonexistent,1.1,93.792,-39.1,2.09,5191.0,no
45,technician,married,high.school,no,no,no,cellular,apr,tue,18,1,999,0,nonexistent,-0.1,93.188,-45.3,4.852,5008.7,no
24,management,married,basic.4y,no,yes,no,cellular,may,tue,400,2,999,0,nonexistent,1.4,91.265,-39.8,4.194,5191.0,no
61,entrepreneur,married,basic.4y,unknown,no,no,telephone,may,fri,69,1,999,0,nonexistent,-0.1,92.529,-44.5,5.1,5099.1,no
54,admin.,married,university.degree,no,yes,no,cellular,jul,fri,323,3,999,0,nonexistent,-1.8,90.293,-32.2,2.841,5017.5,no
34,services,married,high.school,no,yes,no,telephone,aug,wed,17,3,999,0,nonexistent,-0.1,93.432,-43.6,3.97,4963.6,no
19,technician,married,university.degree,no,no,no,cellular,may,tue,775,3,999,0,nonexistent,-1.8,93.65,-42.8,5.1,5008.7,no
56,admin.,married,basic.9y,no,no,no,cellular,feb,fri,53,1,3,4,failure,-0.1,90.951,-38.1,2.443,4963.6,yes
38,technician,divorced,high.school,no,no,no,telephone,jul,wed,535,1,999,0,nonexistent,-1.8,93.835,-39.5,2.883,4963.6,yes
54,admin.,married,basic.4y,unknown,yes,no,telephone,aug,wed,414,1,999,0,nonexistent,1.4,92.002,-43.8,2.714,5076.2,yes
20,admin.,single,professional.course,no,yes,no,cellular,dec,tue,859,2,999,0,nonexistent,1.4,91.866,-40.0,2.837,4963.6,yes
32,admin.,married,university.degree,no,yes,no,telephone,aug,thu,162,4,999,0,nonexistent,-1.8,91.537,-47.3,4.005,4963.6,no
40,unemployed,single,professional.course,no,unknown,no,cellular,jul,wed,324,2,999,0,nonexistent,-1.8,93.992,-40.9,3.105,5191.0,no
40,services,single,basic.9y,unknown,yes,no,cellular,aug,fri,115,3,999,0,nonexistent,-0.1,90.489,-39.3,0.6,5076.2,no
34,unemployed,married,university.degree,no,yes,no,telephone,dec,thu,50,4,999,0,nonexistent,1.1,90.616,-44.1,3.032,5076.2,no
47,technician,divorced,university.degree,no,yes,no,telephone,nov,tue,146,2,999,0,nonexistent,-1.8,92.112,-43.8,2.053,5076.2,yes
27,blue-collar,married,high.school,no,no,no,telephone,may,thu,45,3,999,0,nonexistent,-3.4,92.164,-45.1,0.6,5099.1,no
38,services,married,university.degree,no,yes,no,cellular,may,fri,1004,3,999,0,nonexistent,-0.1,93.94,-49.2,5.061,5076.2,yes
41,technician,single,professional.course,no,no,no,cellular,may,tue,25,3,999,0,nonexistent,1.1,92.863,-39.9,2.043,5191.0,no
46,admin.,single,university.degree,no,yes,no,cellular,jul,mon,222,1,999,0,nonexistent,-1.8,92.866,-44.4,3.69,5099.1,yes
48,management,married,university.degree,no,no,yes,cellular,sep,mon,246,2,999,0,nonexistent,1.1,90.57,-39.2,0.6,5008.7,no
26,blue-collar,married,basic.9y,no,yes,no,telephone,jul,wed,193,1,999,0,nonexistent,1.4,92.654,-42.9,3.898,5099.1,no
21,management,married,basic.9y,unknown,no,no,cellular,mar,tue,271,1,999,0,nonexistent,-1.8,89.388,-38.9,2.436,5008.7,yes
55,management,married,professional.course,no,no,yes,telephone,sep,wed,30,2,999,0,nonexistent,-0.1,93.356,-50.6,0.6,5076.2,no
43,admin.,single,basic.4y,no,yes,no,cellular,nov,mon,202,1,19,3,success,-3.4,94.016,-47.7,2.007,5076.2,yes
31,admin.,married,university.degree,no,unknown,no,cellular,may,fri,84,7,999,0,nonexistent,-1.8,91.831,-46.2,1.765,5008.7,no
58,entrepreneur,married,university.degree,no,yes,no,cellular,aug,tue,704,1,999,0,nonexistent,-3.4,93.563,-36.0,4.351,5017.5,no
41,technician,married,university.degree,no,no,yes,cellular,jul,tue,358,2,999,0,nonexistent,-0.1,92.341,-40.0,3.163,5191.0,no
54,admin.,married,professional.course,no,no,yes,cellular,nov,wed,898,2,999,0,nonexistent,1.4,94.848,-43.3,0.6,5099.1,yes
40,unemployed,married,high.school,no,yes,no,telephone,nov,wed,9,5,22,1,failure,-0.1,93.342,-44.4,3.789,5191.0,yes
64,admin.,single,high.school,no,yes,no,cellular,jul,tue,83,2,999,0,nonexistent,-1.8,91.442,-39.0,0.6,5191.0,no
61,retired,divorced,basic.4y,unknown,yes,no,telephone,aug,tue,54,2,999,0,nonexistent,-3.4,94.756,-44.9,0.975,4963.6,no
37,unemployed,single,high.school,no,yes,no,cellular,nov,mon,2,1,999,0,nonexistent,-0.1,94.241,-38.3,3.026,5076.2,no
51,blue-collar,married,basic.9y,unknown,yes,no,telephone,jul,thu,69,1,999,0,nonexistent,-1.8,92.382,-43.1,1.876,5099.1,no
47,admin.,single,high.school,no,yes,no,cellular,may,thu,283,1,999,0,nonexistent,-1.7,93.743,-35.5,5.1,5191.0,no
56,admin.,single,university.degree,no,yes,no,telephone,oct,wed,65,4,999,0,nonexistent,-0.1,93.719,-46.7,3.305,5099.1,no
28,blue-collar,single,professional.course,no,no,yes,cellular,may,thu,177,1,999,0,nonexistent,1.4,92.362,-42.6,4.127,5191.0,yes
48,admin.,married,basic.9y,no,yes,no,telephone,jun,thu,546,4,13,2,success,-3.4,93.098,-46.6,4.2,5076.2,yes
52,retired,married,high.school,no,yes,no,telephone,nov,mon,295,3,6,1,success,1.1,93.367,-33.9,2.202,5191.0,yes
18,admin.,married,professional.course,no,no,no,cellular,sep,fri,125,2,999,0,nonexistent,-3.4,91.987,-41.9,1.082,5008.7,yes
25,services,married,basic.4y,unknown,yes,no,cellular,jun,fri,116,2,999,0,nonexistent,1.1,95.02,-47.0,2.91,5076.2,yes
18,unemployed,married,basic.6y,unknown,yes,no,cellular,may,tue,152,3,999,0,nonexistent,-0.1,90.034,-46.5,4.561,5099.1,no
36,self-employed,married,basic.9y,no,yes,yes,telephone,may,mon,48,3,8,2,failure,1.4,94.015,-39.4,2.581,5017.5,yes
48,management,married,university.degree,no,no,no,cellular,may,mon,251,2,999,0,nonexistent,-0.1,91.172,-51.1,4.064,5191.0,no
58,blue-collar,single,basic.9y,no,no,no,cellular,may,mon,113,3,999,0,nonexistent,-1.7,92.635,-42.9,2.951,5008.7,yes
40,management,married,professional.course,no,yes,no,cellular,sep,thu,478,3,999,0,nonexistent,-1.8,90.603,-46.3,0.6,5076.2,yes
59,services,married,high.school,no,no,yes,cellular,may,wed,353,5,999,0,nonexistent,-3.4,91.021,-42.8,0.6,4963.6,no
23,technician,divorced,high.school,unknown,no,no,telephone,jul,thu,235,1,999,0,nonexistent,-0.1,92.869,-41.5,5.1,5076.2,no
19,admin.,divorced,basic.9y,no,no,no,cellular,jun,thu,113,1,999,0,nonexistent,1.4,93.109,-42.5,0.898,5099.1,no
39,housemaid,single,high.school,no,no,no,telephone,dec,thu,58,3,22,2,failure,-0.1,94.59,-43.3,1.852,5099.1,no
44,technician,divorced,university.degree,no,no,yes,telephone,jun,thu,374,3,999,0,nonexistent,1.1,92.401,-41.2,4.652,4963.6,yes
39,blue-collar,married,university.degree,no,yes,no,cellular,apr,mon,166,1,999,0,nonexistent,-1.7,93.925,-33.3,0.853,5008.7,no
18,technician,divorced,university.degree,no,yes,no,telephone,apr,tue,63,1,999,0,nonexistent,-0.1,92.985,-35.6,1.77,5099.1,no
38,technician,married,university.degree,no,yes,yes,cellular,aug,thu,54,1,999,0,nonexistent,-1.7,93.867,-43.7,2.619,5008.7,no
24,self-employed,married,professional.course,no,no,no,cellular,aug,mon,45,3,999,0,nonexistent,-1.8,91.362,-38.4,2.384,5008.7,no
48,retired,married,university.degree,no,no,no,cellular,jun,mon,375,1,999,0,nonexistent,-0.1,93.133,-38.6,1.253,5076.2,no
44,entrepreneur,married,university.degree,no,no,no,telephone,jul,fri,65,4,999,0,nonexistent,1.1,93.56,-43.9,2.652,5008.7,no
28,admin.,married,basic.4y,unknown,unknown,yes,cellular,mar,thu,186,1,999,0,nonexistent,-1.7,92.255,-42.2,4.222,5191.0,no
33,technician,single,basic.4y,no,yes,no,cellular,jul,tue,150,1,999,0,nonexistent,1.1,93.571,-39.3,2.779,5099.1,no
27,technician,single,basic.9y,no,no,unknown,cellular,jul,thu,216,2,999,0,nonexistent,1.1,93.714,-45.7,1.815,5099.1,no
39,admin.,married,university.degree,no,no,no,cellular,may,thu,524,3,999,0,nonexistent,-1.7,92.223,-43.2,4.703,5017.5,yes
51,blue-collar,married,high.school,no,unknown,no,telephone,apr,tue,505,3,999,0,nonexistent,1.1,94.163,-43.0,5.1,5008.7,no
28,entrepreneur,single,high.school,no,unknown,unknown,cellular,may,mon,149,1,999,0,nonexistent,-1.7,89.546,-43.3,4.719,5017.5,yes
46,admin.,single,university.degree,yes,no,no,telephone,apr,fri,3,3,999,0,nonexistent,-1.7,90.127,-43.5,0.978,5076.2,yes
33,services,married,professional.course,no,yes,no,cellular,aug,tue,138,2,999,0,nonexistent,-1.8,91.449,-39.8,1.026,5017.5,yes
30,blue-collar,single,professional.course,no,no,no,telephone,may,mon,232,3,999,0,nonexistent,-1.8,93.422,-41.9,3.787,5008.7,no
38,admin.,married,high.school,no,yes,no,cellular,may,wed,203,3,17,1,nonexistent,1.1,91.868,-38.8,3.308,5099.1,no
27,blue-collar,married,university.degree,no,no,no,cellular,may,thu,263,3,2,3,nonexistent,1.4,90.993,-29.4,0.795,5076.2,no
33,unemployed,divorced,basic.9y,unknown,no,no,cellular,dec,tue,41,3,999,0,nonexistent,-1.8,92.867,-44.7,3.516,5008.7,no
25,self-employed,married,basic.9y,unknown,yes,no,telephone,nov,tue,259,5,999,0,nonexistent,-3.4,93.151,-40.9,3.178,5076.2,yes
63,unemployed,married,basic.9y,no,no,yes,cellular,may,tue,50,5,999,0,nonexistent,-1.7,92.045,-39.5,5.1,4963.6,yes
40,technician,single,high.school,no,yes,no,telephone,may,fri,347,4,18,2,failure,1.1,91.223,-36.5,2.216,5008.7,no
31,admin.,single,high.school,no,yes,unknown,telephone,may,mon,103,1,999,0,nonexistent,-1.7,93.011,-39.8,5.1,4963.6,no
42,services,married,university.degree,unknown,yes,no,cellular,jul,wed,309,4,999,0,nonexistent,-0.1,94.192,-47.5,5.1,5017.5,no
38,technician,married,basic.6y,no,no,no,cellular,feb,fri,12,2,999,0,nonexistent,1.1,91.179,-45.3,1.789,5008.7,yes
37,self-employed,married,university.degree,unknown,no,no,cellular,aug,mon,131,1,2,3,success,-0.1,95.371,-41.3,3.637,4963.6,yes
47,admin.,single,high.school,no,no,no,cellular,jul,fri,305,2,999,0,nonexistent,1.4,92.15,-45.5,2.619,5191.0,no
49,technician,married,basic.9y,no,yes,no,telephone,nov,fri,64,2,999,0,nonexistent,-1.7,92.045,-49.4,2.546,5099.1,no
33,admin.,married,high.school,no,no,no,telephone,may,fri,396,7,999,0,nonexistent,1.4,93.201,-46.0,3.443,5017.5,yes
33,blue-collar,divorced,high.school,unknown,no,yes,cellular,nov,tue,249,4,999,0,nonexistent,-1.8,93.155,-46.0,1.578,5008.7,no
36,retired,married,university.degree,unknown,yes,unknown,cellular,oct,thu,221,2,999,0,nonexistent,-1.8,89.649,-47.0,0.6,5008.7,yes
18,technician,married,high.school,no,yes,no,cellular,may,thu,109,3,999,0,nonexistent,1.1,92.838,-29.4,2.042,5099.1,no
21,technician,married,basic.9y,no,yes,yes,cellular,jun,fri,164,3,7,2,failure,1.1,93.867,-40.4,5.1,5099.1,yes
56,technician,single,basic.6y,no,no,no,telephone,may,mon,227,5,8,3,failure,1.4,94.542,-41.4,2.634,4963.6,yes
59,technician,married,university.degree,no,no,no,cellular,may,thu,159,4,15,1,success,-1.7,92.826,-37.4,2.958,4963.6,no
37,entrepreneur,married,professional.course,no,no,yes,telephone,may,tue,299,1,999,0,nonexistent,1.4,92.466,-33.0,4.427,4963.6,no
46,student,single,high.school,no,yes,no,cellular,jul,mon,142,2,999,0,nonexistent,-1.8,94.087,-40.1,0.6,5076.2,no
43,unemployed,married,university.degree,unknown,no,no,cellular,jun,wed,56,2,999,0,nonexistent,-3.4,95.688,-36.9,3.79,5017.5,no
76,entrepreneur,married,university.degree,no,yes,no,cellular,dec,thu,60,3,999,0,nonexistent,-1.7,93.14,-44.5,5.1,5008.7,no
53,blue-collar,married,professional.course,unknown,yes,no,cellular,may,wed,1,3,999,0,nonexistent,1.1,92.726,-46.5,3.165,5017.5,yes
38,retired,married,university.degree,no,no,no,cellular,dec,wed,89,6,999,0,nonexistent,1.1,94.885,-37.5,0.6,5099.1,yes
28,technician,married,university.degree,no,yes,no,telephone,may,fri,345,1,999,0,nonexistent,-0.1,91.305,-37.5,2.862,5191.0,no
20,blue-collar,married,university.degree,no,no,unknown,telephone,oct,tue,395,2,26,4,success,-1.7,93.094,-38.0,4.098,5017.5,no
42,self-employed,married,professional.course,no,yes,no,cellular,may,thu,56,2,999,0,nonexistent,-3.4,96.611,-41.4,3.202,5017.5,no
30,admin.,married,high.school,no,no,no,cellular,may,tue,798,2,999,0,nonexistent,-1.7,93.68,-45.9,3.49,4963.6,yes
22,student,single,high.school,no,yes,no,cellular,nov,tue,174,5,999,0,nonexistent,-0.1,94.15,-44.4,3.707,5099.1,no
32,technician,divorced,basic.4y,no,no,no,telephone,may,thu,622,1,999,0,nonexistent,1.1,92.507,-36.2,1.322,5017.5,no
27,management,single,university.degree,no,yes,no,cellular,aug,fri,306,2,1,1,nonexistent,1.1,93.879,-45.0,1.547,5008.7,yes
60,management,single,university.degree,no,yes,no,telephone,jul,wed,320,1,999,0,nonexistent,1.4,94.824,-41.1,2.335,4963.6,yes
50,student,married,basic.6y,no,no,yes,cellular,jul,thu,22,4,999,0,nonexistent,-1.8,90.729,-45.9,3.707,5017.5,no
39,management,divorced,university.degree,unknown,yes,yes,cellular,jul,mon,62,1,999,0,nonexistent,-1.7,92.856,-43.0,0.86,5099.1,no
57,management,married,high.school,unknown,no,no,telephone,sep,tue,2,2,999,0,nonexistent,-0.1,93.525,-47.4,5.1,5191.0,no
40,admin.,divorced,basic.6y,no,unknown,yes,cellular,apr,wed,314,1,999,0,nonexistent,1.1,92.915,-42.4,0.6,5008.7,no
29,services,divorced,professional.course,no,yes,no,cellular,aug,mon,105,4,999,0,nonexistent,-0.1,92.269,-44.4,0.6,5191.0,no
58,admin.,single,basic.9y,no,yes,yes,cellular,nov,tue,386,1,999,0,nonexistent,1.4,95.093,-50.5,3.997,5099.1,no
46,retired,divorced,basic.4y,unknown,no,no,cellular,mar,wed,103,2,999,0,nonexistent,1.1,93.305,-38.7,3.842,5099.1,no
27,services,married,university.degree,no,unknown,no,cellular,may,mon,427,4,999,0,nonexistent,-3.4,91.948,-39.0,2.87,5099.1,yes
37,retired,married,university.degree,no,no,no,telephone,sep,tue,35,3,999,0,nonexistent,-1.8,94.476,-41.7,4.217,5191.0,no
29,admin.,married,basic.4y,no,yes,no,telephone,jul,wed,47,6,1,4,success,1.1,95.085,-47.6,4.022,5076.2,no
23,admin.,married,university.degree,no,no,no,cellular,jun,wed,104,4,999,0,nonexistent,1.1,94.711,-47.6,3.0,5008.7,no
51,retired,married,high.school,no,yes,yes,telephone,may,fri,131,1,999,0,nonexistent,-1.8,92.377,-30.3,3.483,5099.1,no
62,admin.,single,basic.6y,no,unknown,no,cellular,jul,thu,107,1,999,0,nonexistent,-3.4,92.441,-55.1,0.6,5076.2,no
23,admin.,divorced,basic.9y,no,unknown,no,cellular,may,wed,360,1,999,0,nonexistent,-0.1,91.44,-47.5,2.76,4963.6,yes
46,admin.,married,university.degree,no,yes,no,cellular,jul,fri,25,2,999,0,nonexistent,1.1,93.381,-31.3,2.914,5076.2,yes
32,unemployed,single,high.school,no,yes,no,cellular,oct,thu,108,1,999,0,nonexistent,-1.8,94.648,-29.7,5.1,4963.6,yes
34,retired,divorced,professional.course,no,yes,no,cellular,may,tue,453,5,999,0,nonexistent,-0.1,93.846,-33.5,1.514,5191.0,yes
32,technician,divorced,university.degree,unknown,yes,no,telephone,jul,mon,17,5,999,0,nonexistent,-1.7,95.628,-39.3,2.935,5076.2,no
29,blue-collar,divorced,professional.course,no,no,no,cellular,dec,thu,713,6,999,0,nonexistent,1.4,90.089,-45.2,5.1,5191.0,yes
40,blue-collar,married,basic.9y,unknown,yes,no,cellular,aug,wed,1072,1,999,0,nonexistent,-1.8,93.21,-50.4,4.008,5099.1,yes
30,entrepreneur,divorced,professional.course,no,yes,no,cellular,nov,thu,23,2,999,0,nonexistent,1.1,94.247,-40.0,3.045,5076.2,no
43,management,single,high.school,no,yes,no,telephone,jun,thu,86,3,999,0,nonexistent,-0.1,92.087,-45.8,4.732,5076.2,no
39,blue-collar,married,high.school,unknown,unknown,no,telephone,oct,thu,116,2,999,0,nonexistent,-3.4,91.303,-34.7,1.573,5099.1,no
37,admin.,married,basic.4y,no,no,no,cellular,mar,fri,374,5,999,0,nonexistent,-0.1,91.189,-51.3,5.1,4963.6,yes
29,admin.,single,basic.4y,unknown,yes,no,cellular,may,wed,226,3,999,0,nonexistent,-3.4,93.157,-41.0,4.156,5099.1,no
33,management,married,university.degree,no,yes,no,cellular,may,mon,258,5,999,0,nonexistent,1.1,91.152,-37.4,0.6,5008.7,yes
49,entrepreneur,single,high.school,unknown,unknown,no,cellular,jun,fri,354,2,999,0,nonexistent,-0.1,95.21,-36.9,1.911,5076.2,no
46,blue-collar,single,basic.9y,no,no,no,cellular,nov,tue,31,1,999,0,nonexistent,-3.4,93.772,-37.8,0.6,5008.7,no
28,admin.,married,university.degree,no,yes,no,cellular,may,thu,447,4,18,1,success,-1.8,92.699,-40.3,4.432,5099.1,yes
41,admin.,married,basic.9y,no,yes,no,cellular,aug,fri,305,1,16,2,nonexistent,1.1,92.879,-41.4,4.014,5191.0,yes
49,unemployed,single,university.degree,unknown,yes,no,cellular,sep,thu,215,3,999,0,nonexistent,-1.7,94.623,-37.5,2.172,5099.1,yes
19,blue-collar,married,high.school,unknown,yes,no,cellular,aug,wed,551,1,999,0,nonexistent,-0.1,95.011,-40.3,5.1,5017.5,yes
46,entrepreneur,married,university.degree,unknown,no,yes,telephone,may,wed,301,2,999,0,nonexistent,-1.7,91.599,-40.1,2.85,5008.7,no
32,management,married,university.degree,unknown,no,yes,telephone,aug,tue,56,1,999,0,nonexistent,1.4,91.9,-41.8,5.1,5017.5,no
46,technician,married,high.school,no,yes,no,cellular,may,tue,140,6,999,0,nonexistent,-0.1,92.464,-43.9,0.841,5008.7,no
30,blue-collar,divorced,high.school,no,no,no,cellular,apr,thu,170,2,999,0,nonexistent,1.1,92.063,-48.7,4.155,5191.0,no
18,admin.,married,high.school,no,yes,no,cellular,dec,thu,14,3,999,0,nonexistent,-3.4,90.293,-47.9,2.285,5017.5,no
20,management,single,university.degree,no,no,unknown,cellular,may,thu,773,3,999,0,nonexistent,-3.4,91.778,-43.9,1.781,5017.5,no
40,entrepreneur,married,high.school,no,no,yes,telephone,apr,mon,34,1,999,0,nonexistent,-1.7,91.944,-42.6,2.688,5008.7,no
43,management,married,basic.9y,no,yes,no,cellular,nov,wed,298,1,999,0,nonexistent,-1.7,91.2,-46.8,3.661,5099.1,yes
29,services,single,basic.6y,no,yes,no,telephone,may,thu,176,1,999,0,nonexistent,1.1,93.66,-47.2,3.105,4963.6,yes
47,admin.,single,high.school,no,no,no,telephone,aug,wed,6,1,999,0,nonexistent,-0.1,92.811,-43.8,4.22,5099.1,no
20,unemployed,married,high.school,no,yes,no,cellular,may,wed,646,2,999,0,nonexistent,-1.7,93.926,-37.5,4.093,4963.6,no
39,entrepreneur,married,university.degree,no,yes,no,cellular,jun,thu,477,2,999,0,nonexistent,1.1,91.523,-52.6,5.1,5008.7,yes
25,blue-collar,married,basic.9y,no,no,no,cellular,may,thu,185,5,999,0,nonexistent,-1.8,93.951,-46.7,0.838,5076.2,no
32,unemployed,married,high.school,yes,unknown,yes,cellular,may,wed,64,1,999,0,nonexistent,-3.4,93.217,-41.2,0.6,5099.1,no
40,management,single,university.degree,no,yes,no,cellular,jun,fri,32,3,999,0,nonexistent,1.4,92.177,-35.6,2.878,5017.5,no
29,management,married,university.degree,no,no,no,cellular,sep,mon,112,1,999,0,nonexistent,-0.1,95.406,-31.2,1.572,5099.1,no
35,retired,married,high.school,no,yes,yes,telephone,jul,fri,73,5,999,0,nonexistent,1.1,93.169,-43.7,4.573,5008.7,no
52,self-employed,married,high.school,no,no,yes,cellular,dec,mon,176,1,999,0,nonexistent,-1.7,92.21,-43.8,1.078,5076.2,no
33,management,divorced,high.school,no,no,no,cellular,mar,mon,848,2,999,0,nonexistent,-1.7,93.422,-42.7,2.011,5076.2,no
50,admin.,divorced,professional.course,no,no,no,cellular,jul,fri,213,1,999,0,nonexistent,-3.4,91.58,-40.9,2.402,5099.1,no
26,blue-collar,married,basic.6y,no,yes,no,telephone,aug,tue,551,2,999,0,nonexistent,1.4,92.735,-42.2,5.1,5099.1,no
46,student,single,professional.course,no,no,no,cellular,dec,thu,263,2,999,0,nonexistent,-0.1,96.044,-41.4,5.1,5191.0,no
57,blue-collar,married,university.degree,no,no,yes,telephone,mar,fri,161,1,999,0,nonexistent,-3.4,90.346,-48.7,0.945,5099.1,no
18,technician,married,high.school,unknown,yes,yes,cellular,aug,fri,482,1,999,0,nonexistent,1.4,92.208,-50.3,0.6,5008.7,no
30,technician,single,basic.4y,unknown,yes,no,cellular,nov,fri,159,4,999,0,nonexistent,-0.1,92.779,-38.4,1.967,4963.6,no
46,technician,divorced,high.school,no,yes,no,cellular,may,tue,507,4,999,0,nonexistent,1.1,92.45,-43.0,2.934,5191.0,no
37,management,divorced,high.school,no,yes,no,cellular,nov,thu,86,2,999,0,nonexistent,-3.4,92.249,-37.8,2.925,4963.6,no
44,unemployed,married,basic.9y,no,no,yes,telephone,feb,mon,34,1,999,0,nonexistent,-3.4,95.54,-40.9,2.848,5017.5,no
32,blue-collar,married,university.degree,no,yes,no,cellular,sep,wed,483,1,999,0,nonexistent,-1.8,92.168,-49.2,4.469,5008.7,yes
41,admin.,single,professional.course,unknown,yes,no,telephone,dec,fri,221,6,999,0,nonexistent,-1.8,93.595,-34.2,2.275,5191.0,no
38,blue-collar,married,university.degree,no,no,no,cellular,aug,tue,549,1,999,0,nonexistent,1.1,92.081,-41.8,3.384,5076.2,yes
54,housemaid,married,university.degree,no,yes,no,cellular,jul,wed,694,5,999,0,nonexistent,1.1,93.599,-45.7,4.16,5191.0,yes
43,management,married,basic.4y,no,yes,no,cellular,mar,wed,13,1,20,1,success,1.1,94.404,-44.7,3.395,5017.5,no
44,blue-collar,single,high.school,unknown,yes,no,cellular,dec,thu,173,5,999,0,nonexistent,1.4,92.888,-48.1,4.216,5076.2,no
35,self-employed,married,basic.6y,no,no,yes,telephone,jul,fri,117,3,999,0,nonexistent,-1.8,92.142,-40.3,0.6,5191.0,no
34,housemaid,married,university.degree,no,no,yes,telephone,feb,mon,245,1,999,0,nonexistent,1.4,92.815,-42.6,3.206,5076.2,no
34,self-employed,divorced,professional.course,no,no,no,cellular,aug,wed,394,1,12,4,failure,1.4,93.803,-31.9,3.414,5099.1,yes
44,student,married,university.degree,no,yes,no,cellular,jul,fri,82,3,999,0,nonexistent,-0.1,94.3,-39.4,2.702,5076.2,no
34,blue-collar,married,basic.4y,no,no,no,cellular,may,wed,203,5,999,0,nonexistent,-3.4,93.386,-32.2,1.924,5191.0,yes
43,entrepreneur,married,high.school,no,yes,no,cellular,may,mon,308,2,999,0,nonexistent,1.1,92.881,-46.8,3.83,5076.2,no
64,technician,married,university.degree,unknown,yes,no,cellular,mar,wed,36,1,17,4,nonexistent,-1.7,94.918,-43.7,3.221,5008.7,no
50,self-employed,married,high.school,unknown,yes,yes,cellular,aug,tue,420,1,999,0,nonexistent,1.1,92.06,-37.5,2.905,5099.1,yes
36,retired,married,university.degree,unknown,no,no,cellular,aug,mon,232,2,999,0,nonexistent,-1.8,92.382,-39.1,2.409,5099.1,no
54,entrepreneur,single,university.degree,no,yes,no,cellular,jul,fri,746,6,8,1,nonexistent,-0.1,95.691,-42.1,2.479,5017.5,no
35,management,married,university.degree,yes,yes,yes,cellular,nov,wed,103,1,999,0,nonexistent,-0.1,92.855,-47.4,1.622,5099.1,yes
18,admin.,divorced,high.school,no,yes,yes,cellular,nov,fri,28,4,999,0,nonexistent,-1.8,93.989,-52.9,2.144,4963.6,no
27,services,married,basic.9y,no,yes,no,cellular,aug,fri,176,4,999,0,nonexistent,-1.7,91.67,-43.1,1.309,5008.7,no
18,unemployed,married,basic.6y,no,no,no,cellular,feb,thu,22,1,999,0,nonexistent,-3.4,94.501,-42.9,2.303,5017.5,yes
35,student,married,high.school,no,yes,no,telephone,aug,mon,872,1,999,0,nonexistent,-0.1,91.274,-41.4,3.656,4963.6,yes
40,admin.,married,high.school,no,no,no,cellular,jun,wed,9,1,4,1,nonexistent,1.4,91.163,-49.2,4.476,5076.2,no
60,admin.,single,university.degree,no,yes,no,cellular,jul,mon,350,2,999,0,nonexistent,-1.7,94.339,-46.4,2.908,4963.6,no
43,admin.,married,university.degree,no,no,no,cellular,aug,fri,186,4,999,0,nonexistent,1.1,92.458,-40.0,2.858,5017.5,no
37,retired,married,basic.4y,unknown,no,yes,cellular,may,mon,114,4,999,0,nonexistent,-1.8,92.636,-39.1,3.259,5099.1,yes
49,self-employed,single,high.school,no,yes,no,telephone,dec,tue,17,2,999,0,nonexistent,1.1,93.646,-41.0,4.77,5008.7,no
18,blue-collar,divorced,basic.9y,no,yes,no,cellular,may,wed,243,3,999,0,nonexistent,1.4,92.565,-43.7,2.595,5017.5,yes
42,services,single,basic.9y,no,no,no,telephone,aug,tue,220,2,999,0,nonexistent,-1.7,91.428,-47.9,3.833,4963.6,yes
49,self-employed,married,university.degree,no,no,no,telephone,jan,tue,82,2,999,0,nonexistent,1.4,92.148,-37.2,3.667,4963.6,no
22,retired,single,basic.4y,no,yes,yes,cellular,dec,wed,602,4,25,3,failure,-0.1,91.538,-38.4,1.878,5017.5,yes
53,services,married,high.school,no,yes,no,cellular,apr,mon,90,1,999,0,nonexistent,-1.7,94.742,-44.9,4.272,5191.0,no
44,management,married,basic.9y,no,no,no,telephone,apr,mon,149,1,999,0,nonexistent,1.4,94.809,-37.8,0.6,5191.0,no
35,services,married,university.degree,no,no,no,cellular,may,tue,196,1,999,0,nonexistent,-3.4,91.739,-42.3,4.911,5017.5,no
47,blue-collar,married,university.degree,no,yes,no,telephone,jun,thu,26,3,999,0,nonexistent,-3.4,93.653,-45.4,0.851,5191.0,no
67,services,married,basic.9y,unknown,yes,no,cellular,may,wed,672,2,999,0,nonexistent,-0.1,92.591,-37.4,2.75,5017.5,yes
42,retired,married,high.school,no,yes,no,cellular,aug,wed,117,6,23,3,failure,1.1,95.189,-41.5,4.492,5099.1,no
42,housemaid,single,university.degree,no,no,no,cellular,jul,wed,21,2,999,0,nonexistent,1.1,96.554,-44.1,2.231,5017.5,no
34,management,married,professional.course,yes,yes,no,cellular,mar,tue,122,2,999,0,nonexistent,-3.4,94.098,-48.4,3.422,5076.2,no
29,entrepreneur,married,basic.9y,no,unknown,no,telephone,may,fri,229,3,25,2,nonexistent,1.4,92.229,-47.9,4.521,5008.7,yes
49,admin.,married,university.degree,no,yes,yes,cellular,nov,mon,180,3,999,0,nonexistent,1.1,91.262,-37.8,5.1,5008.7,yes
29,technician,divorced,professional.course,unknown,yes,yes,telephone,aug,thu,296,1,999,0,nonexistent,1.4,93.367,-39.7,2.973,5076.2,no
40,admin.,married,professional.course,no,no,no,cellular,sep,fri,14,2,999,0,nonexistent,-1.7,92.766,-47.8,3.324,4963.6,no
34,blue-collar,married,university.degree,no,no,no,cellular,aug,fri,83,2,20,3,failure,1.1,90.836,-47.9,3.073,4963.6,no
45,retired,single,university.degree,no,no,no,cellular,may,mon,427,5,999,0,nonexistent,1.4,93.119,-31.5,2.602,4963.6,no
44,unemployed,single,high.school,no,yes,no,cellular,apr,tue,20,3,999,0,nonexistent,-1.7,96.169,-39.7,0.6,4963.6,yes
52,admin.,married,university.degree,no,no,no,cellular,may,thu,483,3,999,0,nonexistent,1.4,94.209,-36.0,0.983,5099.1,yes
33,technician,single,high.school,no,no,yes,cellular,nov,mon,24,2,999,0,nonexistent,-1.7,91.257,-34.5,2.974,5076.2,no
36,self-employed,single,university.degree,no,yes,yes,telephone,dec,fri,449,4,999,0,nonexistent,-1.7,92.972,-46.6,3.614,5008.7,no
28,blue-collar,single,high.school,no,yes,no,cellular,jul,thu,111,1,999,0,nonexistent,1.4,93.56,-33.3,5.1,5076.2,no
34,services,married,university.degree,no,yes,no,cellular,jan,thu,236,1,1,2,nonexistent,1.4,93.739,-47.4,2.622,5008.7,no
44,retired,single,university.degree,no,yes,yes,telephone,may,mon,41,3,999,0,nonexistent,-1.7,90.546,-38.4,5.1,4963.6,yes
49,management,married,basic.9y,no,no,no,telephone,may,thu,17,2,999,0,nonexistent,-1.8,92.824,-42.6,0.832,5099.1,no
28,blue-collar,married,university.degree,no,yes,no,cellular,aug,thu,60,2,999,0,nonexistent,1.1,93.392,-38.4,3.378,5017.5,no
50,technician,married,university.degree,no,no,no,cellular,apr,fri,34,4,999,0,nonexistent,1.4,92.72,-43.1,2.519,5017.5,no
56,entrepreneur,married,university.degree,unknown,no,no,telephone,dec,mon,93,1,999,0,nonexistent,1.1,90.106,-39.3,0.637,5191.0,yes
44,services,married,high.school,no,no,no,cellular,may,mon,180,6,999,0,nonexistent,1.1,92.773,-35.2,0.6,4963.6,no
62,admin.,single,high.school,no,no,no,cellular,dec,tue,222,1,999,0,nonexistent,1.1,94.176,-36.4,2.218,4963.6,yes
30,entrepreneur,married,professional.course,no,yes,no,cellular,oct,mon,390,3,999,0,nonexistent,-1.8,92.142,-42.3,2.352,5076.2,no
25,admin.,married,basic.9y,no,yes,no,telephone,oct,wed,266,2,999,0,nonexistent,1.4,92.295,-46.8,1.401,5099.1,yes
18,retired,married,university.degree,unknown,yes,no,cellular,aug,fri,234,1,999,0,nonexistent,-1.7,95.097,-43.5,4.371,5099.1,yes
57,blue-collar,married,high.school,no,no,no,telephone,aug,tue,132,1,26,3,failure,1.1,92.7,-39.8,2.27,5076.2,no
47,unemployed,divorced,high.school,unknown,yes,no,cellular,aug,fri,160,1,14,4,success,-0.1,93.168,-38.7,1.224,5099.1,no
39,technician,married,high.school,no,no,no,telephone,aug,mon,133,2,11,3,nonexistent,-0.1,90.203,-36.6,2.575,5099.1,no
43,blue-collar,married,university.degree,no,yes,yes,cellular,jul,mon,461,1,999,0,nonexistent,1.1,91.421,-45.7,1.864,5017.5,no
26,admin.,married,high.school,no,yes,no,cellular,dec,mon,65,1,7,4,nonexistent,1.4,96.285,-46.7,5.1,5099.1,no
69,blue-collar,married,basic.4y,unknown,yes,no,telephone,sep,tue,1,4,999,0,nonexistent,1.1,95.483,-47.1,2.433,4963.6,no
41,housemaid,married,basic.9y,no,no,unknown,cellular,oct,fri,263,3,999,0,nonexistent,1.1,93.709,-43.0,1.348,5017.5,no
41,unemployed,single,basic.4y,no,no,no,cellular,nov,mon,56,2,1,2,nonexistent,-3.4,89.57,-40.9,5.1,4963.6,no
48,technician,divorced,professional.course,no,yes,no,cellular,may,thu,552,1,999,0,nonexistent,1.4,91.002,-40.2,4.305,4963.6,no
45,technician,married,professional.course,no,yes,no,cellular,apr,wed,489,2,999,0,nonexistent,-1.7,90.962,-49.1,3.191,5076.2,yes
42,retired,single,high.school,unknown,yes,no,cellular,jul,fri,19,1,999,0,nonexistent,-1.8,90.94,-46.8,1.567,5191.0,no
30,housemaid,single,university.degree,no,unknown,no,telephone,jul,mon,28,6,999,0,nonexistent,-1.8,92.421,-45.5,4.38,5099.1,no
45,management,single,high.school,no,no,yes,cellular,nov,tue,170,4,999,0,nonexistent,1.1,94.171,-33.2,0.6,5099.1,no
62,technician,married,university.degree,no,yes,no,cellular,jul,mon,234,1,21,3,success,1.4,92.052,-43.9,4.248,5099.1,yes
56,technician,married,university.degree,no,no,no,cellular,aug,wed,80,3,999,0,nonexistent,1.1,92.534,-49.4,3.45,5099.1,no
59,retired,married,professional.course,unknown,yes,yes,telephone,jul,tue,315,5,999,0,nonexistent,-1.7,92.539,-40.1,4.782,5017.5,no
33,admin.,single,high.school,no,unknown,no,telephone,mar,fri,225,5,999,0,nonexistent,-1.8,94.355,-42.5,0.6,5008.7,no
28,management,single,university.degree,no,yes,no,cellular,aug,thu,98,3,999,0,nonexistent,-0.1,94.34,-47.9,1.343,4963.6,yes
38,technician,married,basic.9y,unknown,no,no,cellular,nov,thu,6,3,999,0,nonexistent,-3.4,93.243,-44.4,1.2,5191.0,no
40,entrepreneur,married,professional.course,no,yes,no,telephone,may,wed,346,1,999,0,nonexistent,-1.7,94.918,-43.7,0.988,5191.0,yes
53,admin.,divorced,basic.4y,no,no,no,cellular,aug,mon,60,2,999,0,nonexistent,1.1,92.426,-42.6,3.765,5008.7,no
19,management,single,university.degree,no,no,no,telephone,aug,wed,449,2,25,4,failure,1.4,95.62,-37.4,2.468,5008.7,yes
58,technician,divorced,university.degree,no,no,no,telephone,may,fri,136,5,999,0,nonexistent,-0.1,92.091,-39.2,1.432,5008.7,yes
38,management,single,university.degree,no,no,no,telephone,may,fri,215,1,999,0,nonexistent,-1.8,90.048,-41.4,1.015,5017.5,yes
34,admin.,married,basic.6y,unknown,no,no,cellular,dec,fri,515,2,999,0,nonexistent,1.4,91.106,-37.1,1.27,5008.7,no
27,services,married,professional.course,no,yes,no,telephone,jun,fri,498,1,999,0,nonexistent,1.1,90.972,-44.0,4.558,5017.5,no
20,services,single,basic.9y,no,yes,no,telephone,may,mon,116,1,999,0,nonexistent,1.4,91.89,-45.6,2.88,5076.2,no
49,services,married,university.degree,unknown,yes,no,cellular,may,tue,58,3,999,0,nonexistent,-1.8,94.693,-40.5,4.496,5076.2,no
40,management,married,basic.9y,no,unknown,no,cellular,aug,mon,373,1,999,0,nonexistent,-0.1,92.326,-40.8,5.1,5191.0,no
24,retired,single,high.school,no,yes,yes,cellular,aug,tue,141,4,18,3,failure,1.4,90.968,-49.4,2.968,5076.2,no
24,self-employed,married,university.degree,no,no,no,cellular,aug,mon,53,2,999,0,nonexistent,-1.8,90.816,-34.5,0.6,5017.5,no
35,blue-collar,single,high.school,unknown,no,no,cellular,apr,wed,586,3,999,0,nonexistent,1.1,92.914,-47.1,2.753,5017.5,yes
60,self-employed,married,basic.9y,no,yes,no,cellular,nov,thu,55,2,999,0,nonexistent,-1.8,95.287,-39.4,5.1,4963.6,no
36,technician,divorced,basic.9y,no,yes,no,cellular,jun,fri,6,3,999,0,nonexistent,-0.1,93.332,-39.2,4.956,5008.7,no
21,admin.,married,high.school,unknown,yes,no,cellular,may,thu,5,1,999,0,nonexistent,1.4,94.416,-57.4,1.837,5099.1,no
37,admin.,married,university.degree,no,yes,no,cellular,jul,fri,243,2,999,0,nonexistent,-0.1,93.603,-40.9,2.453,5099.1,yes
36,blue-collar,single,professional.course,no,yes,yes,telephone,jun,mon,270,3,999,0,nonexistent,1.4,90.71,-33.8,4.395,5008.7,no
18,entrepreneur,married,basic.6y,unknown,yes,no,telephone,nov,mon,93,3,999,0,nonexistent,-0.1,93.902,-45.6,3.863,5099.1,no
39,retired,single,high.school,no,no,no,cellular,dec,thu,96,3,999,0,nonexistent,1.4,91.291,-51.5,4.414,5099.1,yes
37,entrepreneur,single,basic.6y,yes,unknown,no,cellular,may,tue,103,2,999,0,nonexistent,-0.1,92.375,-42.6,2.57,5099.1,no
48,services,married,basic.4y,unknown,yes,no,cellular,nov,tue,284,2,999,0,nonexistent,-1.8,91.916,-39.7,3.699,5191.0,no
62,technician,married,university.degree,no,yes,no,cellular,oct,tue,14,4,999,0,nonexistent,-0.1,92.845,-42.4,2.451,5017.5,no
53,admin.,married,university.degree,no,yes,no,telephone,dec,tue,661,3,999,0,nonexistent,1.1,92.627,-46.8,5.1,5017.5,yes
36,blue-collar,married,basic.9y,yes,no,yes,telephone,may,wed,62,2,999,0,nonexistent,1.4,92.429,-47.2,0.6,5017.5,no
26,technician,divorced,basic.9y,unknown,no,no,cellular,aug,wed,2006,5,999,0,nonexistent,-0.1,92.586,-50.1,0.6,5008.7,yes
70,admin.,single,basic.4y,no,yes,no,telephone,may,wed,47,3,999,0,nonexistent,-0.1,93.402,-51.4,1.714,5076.2,no
40,blue-collar,single,university.degree,no,yes,no,cellular,nov,thu,369,2,999,0,nonexistent,1.4,92.586,-43.7,1.779,5191.0,yes
40,management,single,professional.course,no,no,no,cellular,jan,tue,63,3,999,0,nonexistent,1.4,92.741,-39.9,0.6,5191.0,no
39,retired,married,basic.6y,no,no,no,cellular,jul,tue,21,2,999,0,nonexistent,1.1,95.988,-41.2,0.6,5099.1,no
42,unemployed,divorced,basic.9y,no,yes,no,telephone,may,mon,519,1,999,0,nonexistent,1.4,94.559,-40.7,4.923,4963.6,no
38,student,single,university.degree,no,no,no,cellular,may,tue,489,1,999,0,nonexistent,-0.1,92.252,-38.8,2.699,5017.5,yes
33,management,single,professional.course,no,yes,no,telephone,aug,thu,129,3,999,0,nonexistent,-3.4,93.16,-35.5,2.563,5191.0,no
33,technician,single,high.school,no,yes,no,telephone,nov,thu,302,2,999,0,nonexistent,-3.4,93.043,-41.9,3.101,5191.0,no
39,management,married,basic.4y,no,no,no,cellular,aug,thu,203,3,999,0,nonexistent,1.4,93.12,-40.3,5.1,4963.6,no
33,entrepreneur,single,basic.4y,no,no,yes,cellular,nov,tue,479,4,999,0,nonexistent,-1.8,92.969,-40.2,3.209,5099.1,no
31,admin.,married,university.degree,no,yes,no,telephone,may,wed,94,3,999,0,nonexistent,-0.1,93.131,-41.3,2.8,5191.0,yes
41,technician,married,high.school,no,no,no,cellular,jul,wed,185,1,999,0,nonexistent,1.4,92.622,-41.9,1.852,5191.0,no
36,self-employed,married,basic.4y,no,yes,yes,cellular,jul,wed,166,2,999,0,nonexistent,-1.8,92.078,-41.5,4.078,5076.2,no
58,technician,divorced,university.degree,no,no,no,cellular,feb,wed,109,2,999,0,nonexistent,1.4,92.418,-34.2,2.884,4963.6,no
18,services,single,basic.4y,no,yes,no,cellular,jul,wed,555,1,999,0,nonexistent,1.4,90.396,-34.8,5.1,5099.1,yes
53,management,single,university.degree,no,no,no,cellular,aug,wed,45,4,999,0,nonexistent,1.4,94.043,-50.5,2.711,5099.1,no
54,blue-collar,single,high.school,unknown,no,yes,cellular,aug,thu,40,2,999,0,nonexistent,-1.7,93.723,-40.9,4.814,5017.5,yes
18,technician,married,basic.4y,no,yes,no,cellular,sep,mon,215,2,999,0,nonexistent,-1.7,96.017,-42.0,1.72,5076.2,yes
35,blue-collar,divorced,university.degree,unknown,no,no,cellular,aug,thu,267,2,999,0,nonexistent,1.4,91.207,-35.7,1.702,5099.1,no
35,admin.,married,high.school,no,no,no,telephone,mar,mon,54,1,999,0,nonexistent,-1.8,92.395,-42.2,0.6,5076.2,yes
23,admin.,married,professional.course,no,no,no,telephone,apr,mon,123,2,999,0,nonexistent,-0.1,94.75,-40.7,4.43,5017.5,yes
30,self-employed,married,university.degree,unknown,yes,no,telephone,aug,fri,732,3,26,2,success,1.1,93.538,-45.2,2.931,4963.6,yes
26,blue-collar,single,basic.9y,no,no,no,cellular,may,fri,70,2,999,0,nonexistent,-1.7,95.447,-37.9,4.151,5191.0,no
61,services,single,university.degree,no,no,no,telephone,apr,mon,275,1,999,0,nonexistent,1.4,95.214,-48.2,5.1,5191.0,yes
51,blue-collar,married,basic.9y,no,yes,no,cellular,jul,wed,336,1,999,0,nonexistent,1.1,89.355,-43.5,1.476,5008.7,yes
55,unemployed,married,professional.course,no,no,no,cellular,jul,mon,148,3,999,0,nonexistent,-3.4,93.386,-47.3,1.204,5008.7,no
48,blue-collar,single,high.school,no,yes,no,telephone,may,wed,693,3,999,0,nonexistent,-1.8,93.394,-43.5,1.583,5008.7,no
26,technician,married,university.degree,no,yes,yes,telephone,sep,fri,333,3,999,0,nonexistent,-1.8,92.966,-44.7,0.6,5191.0,yes
33,housemaid,single,basic.4y,no,no,no,telephone,aug,fri,153,2,999,0,nonexistent,-1.8,92.348,-37.8,2.652,5076.2,no
45,self-employed,divorced,high.school,no,no,no,telephone,may,thu,210,5,26,1,failure,1.1,95.343,-43.1,4.592,5008.7,no
25,blue-collar,married,university.degree,unknown,no,no,cellular,oct,tue,294,4,999,0,nonexistent,-3.4,92.959,-34.5,3.088,4963.6,no
48,self-employed,married,university.degree,no,yes,no,cellular,aug,thu,224,4,9,4,failure,-1.7,88.295,-43.2,0.6,5099.1,yes
37,technician,single,basic.9y,no,unknown,yes,telephone,aug,tue,527,1,999,0,nonexistent,1.4,92.336,-47.4,2.358,5076.2,no
35,technician,single,basic.9y,unknown,yes,yes,cellular,jul,fri,110,4,22,4,nonexistent,-0.1,96.107,-43.2,3.225,5191.0,no
48,admin.,married,university.degree,no,yes,yes,cellular,feb,fri,89,1,999,0,nonexistent,-1.7,91.324,-39.6,4.733,4963.6,no
45,admin.,divorced,professional.course,no,yes,no,telephone,aug,wed,60,3,999,0,nonexistent,1.4,94.826,-33.6,4.434,5191.0,no
35,retired,married,basic.6y,no,no,no,telephone,jun,tue,9,3,999,0,nonexistent,-1.8,94.564,-45.2,2.378,5076.2,no
53,technician,married,high.school,no,no,no,cellular,dec,tue,10,3,999,0,nonexistent,1.4,92.616,-33.7,2.375,5076.2,no
27,technician,single,high.school,no,no,no,telephone,nov,mon,510,1,999,0,nonexistent,1.1,93.284,-42.9,4.069,5076.2,yes
47,retired,single,university.degree,no,no,no,telephone,aug,fri,283,4,999,0,nonexistent,1.1,92.896,-44.2,1.932,5017.5,no
47,entrepreneur,married,basic.6y,unknown,yes,yes,telephone,may,wed,270,6,999,0,nonexistent,1.1,92.209,-38.1,4.54,5099.1,no
36,admin.,single,basic.9y,no,no,no,cellular,may,tue,238,4,999,0,nonexistent,-0.1,91.997,-34.9,1.814,5008.7,no
43,management,married,university.degree,no,yes,no,cellular,may,wed,472,1,999,0,nonexistent,1.4,95.131,-39.2,5.1,5017.5,yes
24,admin.,married,basic.4y,no,yes,no,cellular,jul,fri,163,2,999,0,nonexistent,1.4,92.74,-49.1,3.423,5099.1,no
51,entrepreneur,married,high.school,no,yes,yes,cellular,may,mon,510,1,999,0,nonexistent,-1.7,91.842,-40.3,0.6,5191.0,yes
37,management,single,high.school,unknown,no,no,cellular,jul,fri,111,1,999,0,nonexistent,-0.1,93.824,-31.1,4.153,5008.7,no
33,unemployed,married,high.school,no,yes,no,cellular,may,fri,653,3,999,0,nonexistent,1.4,93.64,-53.4,3.459,5017.5,no
52,admin.,married,high.school,no,no,yes,cellular,dec,fri,299,2,999,0,nonexistent,-0.1,90.762,-40.1,3.875,5017.5,yes
31,admin.,married,high.school,unknown,yes,no,telephone,apr,tue,74,4,999,0,nonexistent,1.4,92.034,-43.4,5.1,4963.6,no
23,blue-collar,single,basic.9y,no,yes,no,cellular,dec,tue,207,2,999,0,nonexistent,1.1,90.452,-46.7,2.53,5017.5,yes
21,blue-collar,single,university.degree,no,no,no,telephone,dec,tue,190,1,999,0,nonexistent,-0.1,96.825,-36.8,0.6,5076.2,yes
47,blue-collar,single,university.degree,no,yes,no,telephone,jul,tue,37,3,10,2,success,-3.4,92.456,-50.7,5.1,5191.0,no
24,student,married,university.degree,unknown,no,yes,cellular,sep,mon,223,2,999,0,nonexistent,-1.7,91.985,-43.8,0.6,5017.5,no
61,blue-collar,single,basic.9y,no,no,no,telephone,jul,thu,94,5,999,0,nonexistent,-0.1,92.25,-37.0,1.656,5076.2,yes
18,blue-collar,married,basic.9y,unknown,yes,no,cellular,aug,wed,13,1,999,0,nonexistent,-0.1,91.869,-37.6,3.076,5099.1,no
60,entrepreneur,single,basic.9y,no,unknown,no,cellular,may,fri,742,4,999,0,nonexistent,1.1,92.725,-39.0,1.382,5099.1,yes
42,technician,divorced,high.school,no,yes,no,telephone,may,mon,256,4,999,0,nonexistent,1.1,94.853,-41.1,2.885,5076.2,no
38,entrepreneur,married,high.school,unknown,yes,no,cellular,aug,thu,523,1,999,0,nonexistent,1.1,93.146,-42.6,2.756,4963.6,yes
33,admin.,single,university.degree,no,no,no,telephone,jul,thu,281,2,999,0,nonexistent,1.4,90.919,-44.4,5.1,4963.6,no
44,technician,married,basic.4y,no,yes,no,cellular,aug,thu,110,4,999,0,nonexistent,-1.7,91.278,-46.9,0.6,5099.1,no
39,admin.,married,basic.4y,no,no,no,telephone,may,fri,179,1,999,0,nonexistent,1.1,93.262,-37.9,3.157,5191.0,no
53,admin.,married,high.school,no,no,no,cellular,may,thu,281,1,999,0,nonexistent,-3.4,91.751,-40.9,1.343,5017.5,no
41,student,married,university.degree,no,unknown,no,telephone,apr,fri,806,1,999,0,nonexistent,-0.1,92.714,-37.8,1.987,5099.1,yes
41,admin.,married,basic.9y,no,yes,no,cellular,mar,tue,73,3,999,0,nonexistent,-1.7,96.969,-45.9,4.224,5099.1,yes
35,services,single,university.degree,no,yes,no,telephone,may,wed,519,1,11,4,success,-1.7,91.491,-46.0,3.932,5076.2,yes
39,technician,married,basic.9y,no,no,yes,telephone,apr,mon,644,1,999,0,nonexistent,-1.7,90.831,-39.5,3.617,4963.6,yes
43,blue-collar,single,university.degree,no,yes,no,cellular,apr,mon,277,3,999,0,nonexistent,-3.4,91.89,-53.4,0.736,5191.0,yes
19,student,married,professional.course,no,no,no,cellular,nov,tue,669,3,11,2,nonexistent,-0.1,90.301,-54.6,5.1,5076.2,yes
23,admin.,married,high.school,no,no,no,cellular,mar,mon,126,7,999,0,nonexistent,1.4,94.929,-36.9,1.424,5099.1,no
48,management,single,basic.9y,unknown,yes,no,telephone,aug,tue,764,2,2,4,nonexistent,-1.7,91.261,-45.5,5.1,5008.7,yes
42,unemployed,married,high.school,no,yes,no,cellular,may,mon,303,2,999,0,nonexistent,1.1,91.539,-41.0,1.831,5017.5,yes
37,services,married,basic.9y,no,no,no,telephone,nov,mon,10,2,999,0,nonexistent,-0.1,91.0,-40.1,4.855,5099.1,no
40,student,single,university.degree,unknown,no,yes,telephone,jul,fri,593,3,999,0,nonexistent,-1.7,90.463,-36.8,3.183,5076.2,yes
44,admin.,married,university.degree,no,yes,no,cellular,may,mon,165,9,999,0,nonexistent,-3.4,92.918,-44.2,0.6,5008.7,yes
33,technician,married,university.degree,unknown,yes,no,cellular,jul,thu,154,3,999,0,nonexistent,-1.8,91.873,-43.9,2.36,5008.7,no
30,blue-collar,married,university.degree,no,yes,no,cellular,jun,mon,208,2,999,0,nonexistent,1.1,90.293,-45.1,5.1,5099.1,no
42,retired,divorced,high.school,no,no,no,telephone,jul,fri,40,2,999,0,nonexistent,-1.7,92.442,-38.9,4.482,5191.0,no
28,unemployed,single,basic.9y,no,yes,unknown,cellular,apr,fri,158,1,999,0,nonexistent,-1.8,93.548,-38.7,2.217,4963.6,yes
44,blue-collar,single,university.degree,no,no,no,cellular,dec,thu,444,2,999,0,nonexistent,-1.7,92.337,-35.6,5.1,5008.7,no
19,management,single,high.school,no,yes,no,telephone,jul,thu,3,2,999,0,nonexistent,-0.1,93.899,-48.2,3.507,5017.5,no
52,blue-collar,married,university.degree,no,no,no,cellular,may,mon,79,1,999,0,nonexistent,1.1,95.548,-30.8,5.1,5076.2,no
45,services,married,basic.9y,no,yes,no,telephone,sep,fri,0,3,20,1,nonexistent,-1.7,94.222,-43.6,2.857,5076.2,no
43,technician,single,basic.6y,no,no,no,cellular,may,fri,134,1,999,0,nonexistent,-0.1,93.324,-42.2,2.475,5076.2,no
51,unemployed,married,professional.course,no,yes,no,cellular,nov,fri,325,1,999,0,nonexistent,-0.1,94.218,-41.2,4.779,5099.1,yes
59,management,married,basic.9y,no,no,no,telephone,jul,thu,400,2,999,0,nonexistent,-3.4,96.341,-46.6,3.454,5076.2,no
52,blue-collar,married,professional.course,no,yes,yes,cellular,sep,tue,725,6,999,0,nonexistent,-1.7,90.838,-44.1,4.004,5076.2,yes
18,admin.,married,professional.course,no,no,no,cellular,apr,fri,234,2,999,0,nonexistent,-0.1,93.949,-34.7,1.447,5017.5,yes
24,admin.,divorced,university.degree,unknown,no,no,telephone,nov,tue,73,1,999,0,nonexistent,-0.1,91.505,-34.6,5.1,4963.6,no
32,blue-collar,married,university.degree,no,yes,no,cellular,sep,wed,644,1,999,0,nonexistent,1.1,93.363,-41.0,4.768,5191.0,yes
40,blue-collar,married,university.degree,unknown,no,no,telephone,may,mon,373,3,999,0,nonexistent,1.1,91.017,-36.8,5.1,5099.1,yes
46,housemaid,married,university.degree,no,no,no,telephone,may,fri,213,1,999,0,nonexistent,-1.7,94.134,-39.9,0.6,5099.1,yes
31,services,divorced,basic.9y,no,yes,no,cellular,may,mon,297,2,12,3,success,-1.7,93.42,-42.3,0.907,5076.2,no
42,services,married,high.school,no,yes,no,cellular,dec,tue,645,1,10,1,failure,-0.1,95.249,-45.8,1.656,5017.5,no
30,admin.,married,university.degree,no,yes,no,telephone,may,wed,311,3,999,0,nonexistent,1.1,92.593,-46.3,2.569,5008.7,yes
32,housemaid,single,high.school,no,no,yes,cellular,jul,thu,114,2,999,0,nonexistent,-3.4,92.545,-45.8,0.601,5076.2,no
23,retired,single,high.school,no,no,no,cellular,mar,thu,312,4,999,0,nonexistent,1.4,92.56,-33.9,4.147,5076.2,yes
28,admin.,married,high.school,no,yes,no,telephone,jun,tue,10,3,999,0,nonexistent,-0.1,96.692,-37.6,2.211,5099.1,no
23,retired,married,university.degree,no,yes,no,cellular,aug,mon,122,2,999,0,nonexistent,-1.7,93.95,-34.8,5.1,5099.1,no
28,services,married,university.degree,no,no,no,telephone,dec,thu,130,4,999,0,nonexistent,1.1,95.017,-40.0,5.1,5076.2,no
52,admin.,married,basic.9y,no,no,no,cellular,jul,fri,45,2,999,0,nonexistent,-3.4,94.087,-46.4,1.931,5099.1,no
28,technician,married,professional.course,no,yes,yes,cellular,nov,fri,5,3,999,0,nonexistent,-0.1,94.323,-39.0,1.619,5017.5,no
71,technician,married,university.degree,yes,no,no,cellular,jul,wed,35,4,999,0,nonexistent,-0.1,90.787,-35.7,4.345,5008.7,no
45,admin.,married,university.degree,no,no,yes,telephone,mar,fri,265,4,999,0,nonexistent,-1.8,92.16,-38.8,3.175,5008.7,no
42,unemployed,married,university.degree,no,yes,no,telephone,may,wed,405,2,999,0,nonexistent,1.4,92.068,-48.6,3.665,5008.7,yes
29,self-employed,single,university.degree,no,no,no,telephone,aug,wed,1109,4,999,0,nonexistent,1.1,93.089,-49.4,5.1,5076.2,yes
48,management,divorced,basic.4y,no,yes,no,cellular,dec,wed,106,1,999,0,nonexistent,-1.8,92.845,-38.8,2.511,5191.0,no
33,technician,single,university.degree,no,yes,no,cellular,nov,wed,228,3,999,0,nonexistent,-1.7,90.588,-43.6,1.082,5076.2,yes
41,technician,married,basic.4y,no,yes,no,cellular,may,thu,691,7,999,0,nonexistent,-1.8,93.064,-40.4,0.785,5076.2,no
70,management,married,university.degree,no,no,yes,cellular,may,wed,45,1,999,0,nonexistent,1.4,89.981,-45.6,2.681,5017.5,no
38,services,divorced,professional.course,no,no,yes,cellular,may,tue,316,1,13,2,failure,-1.7,94.165,-41.4,2.367,5008.7,no
53,admin.,married,high.school,unknown,yes,yes,telephone,dec,tue,351,2,17,2,success,-0.1,93.156,-47.5,4.557,5099.1,yes
31,services,married,basic.9y,unknown,yes,no,cellular,nov,mon,23,1,999,0,nonexistent,-1.7,94.868,-40.8,5.1,5099.1,no
39,self-employed,married,university.degree,no,yes,no,telephone,oct,wed,493,4,999,0,nonexistent,-1.7,93.319,-38.4,5.1,4963.6,no
61,technician,single,basic.9y,no,no,no,cellular,jun,tue,419,3,999,0,nonexistent,1.1,92.306,-38.1,1.738,4963.6,yes
32,admin.,single,university.degree,no,yes,no,telephone,jul,mon,8,3,19,3,success,1.1,90.636,-48.5,1.554,5191.0,no
61,entrepreneur,married,basic.6y,no,no,no,cellular,jul,thu,23,1,999,0,nonexistent,-0.1,92.408,-39.7,0.6,5099.1,no
48,blue-collar,married,basic.6y,no,yes,no,cellular,may,thu,12,1,999,0,nonexistent,1.1,91.818,-44.9,3.005,5008.7,yes
33,blue-collar,divorced,professional.course,no,yes,no,cellular,jul,thu,101,1,999,0,nonexistent,-0.1,93.557,-34.4,4.593,5076.2,no
47,admin.,married,university.degree,unknown,yes,no,cellular,mar,wed,177,8,999,0,nonexistent,-3.4,92.368,-37.2,1.728,5099.1,no
51,blue-collar,single,university.degree,no,yes,no,cellular,may,fri,190,1,22,3,success,-3.4,93.907,-41.9,0.6,5191.0,no
47,entrepreneur,single,high.school,no,no,no,cellular,nov,fri,77,3,999,0,nonexistent,-1.7,95.031,-31.1,5.1,5191.0,yes
21,services,single,university.degree,no,yes,no,cellular,oct,fri,606,2,999,0,nonexistent,1.1,90.879,-45.6,1.731,5099.1,yes
31,blue-collar,married,university.degree,no,yes,no,telephone,jul,thu,114,6,999,0,nonexistent,1.4,92.996,-42.3,2.798,4963.6,no
37,housemaid,married,university.degree,no,yes,no,telephone,jul,tue,11,4,999,0,nonexistent,-3.4,92.928,-39.3,2.16,5008.7,yes
39,housemaid,married,university.degree,unknown,yes,no,telephone,may,fri,89,2,7,3,nonexistent,-1.7,93.471,-31.8,0.6,5099.1,no
47,housemaid,single,university.degree,no,yes,no,cellular,sep,tue,189,1,999,0,nonexistent,-1.8,94.03,-34.7,4.623,5076.2,yes
42,blue-collar,divorced,high.school,no,yes,no,cellular,oct,tue,131,2,999,0,nonexistent,1.4,95.382,-38.0,0.6,5076.2,yes
23,technician,married,basic.9y,no,no,no,cellular,oct,wed,79,2,9,1,nonexistent,1.4,91.336,-46.4,5.024,5017.5,no
44,unemployed,married,university.degree,no,no,no,cellular,sep,mon,35,1,999,0,nonexistent,-1.8,90.642,-46.4,3.482,5076.2,no
47,entrepreneur,divorced,basic.9y,no,yes,no,cellular,may,fri,427,1,999,0,nonexistent,1.1,93.283,-38.5,2.516,5099.1,no
46,admin.,single,university.degree,no,yes,no,cellular,may,wed,1389,2,999,0,nonexistent,1.1,93.674,-48.3,2.546,5099.1,yes
52,admin.,single,basic.9y,no,unknown,no,cellular,jul,wed,99,4,999,0,nonexistent,-1.8,94.08,-40.4,3.818,5076.2,yes
50,technician,married,university.degree,unknown,yes,no,cellular,may,thu,120,1,999,0,nonexistent,-0.1,91.858,-38.0,1.843,4963.6,yes
45,student,married,university.degree,no,yes,no,cellular,oct,wed,240,1,999,0,nonexistent,1.1,90.633,-49.4,3.318,5008.7,yes
39,services,single,basic.9y,no,yes,no,telephone,may,mon,316,4,999,0,nonexistent,-3.4,94.828,-38.8,1.401,5191.0,no
20,technician,single,basic.4y,no,yes,no,telephone,may,thu,124,5,999,0,nonexistent,-0.1,93.769,-37.5,0.6,5099.1,yes
45,admin.,married,basic.6y,no,no,no,telephone,jun,thu,588,1,15,2,success,-1.8,92.432,-43.8,4.111,5076.2,no
42,management,married,university.degree,no,yes,no,telephone,dec,wed,205,1,999,0,nonexistent,-0.1,89.781,-42.8,5.1,5191.0,yes
43,self-employed,married,university.degree,no,no,no,cellular,may,thu,149,3,999,0,nonexistent,1.4,91.996,-50.9,4.019,5076.2,no
24,technician,married,basic.4y,no,yes,no,telephone,aug,tue,260,1,999,0,nonexistent,-0.1,94.043,-42.5,2.915,5099.1,no
27,entrepreneur,married,university.degree,no,yes,no,telephone,jul,tue,763,3,999,0,nonexistent,-3.4,93.652,-49.6,2.286,5017.5,yes
52,unemployed,divorced,high.school,no,no,yes,cellular,apr,mon,395,1,999,0,nonexistent,-3.4,90.933,-45.4,2.343,5008.7,no
39,blue-collar,married,high.school,unknown,yes,no,cellular,jul,tue,10,1,22,1,nonexistent,1.1,93.929,-44.0,2.286,5099.1,no
48,services,single,professional.course,no,no,no,telephone,sep,fri,100,4,999,0,nonexistent,-1.7,92.868,-47.8,3.358,5191.0,no
40,blue-collar,married,high.school,no,yes,no,cellular,jul,fri,158,2,999,0,nonexistent,-0.1,94.901,-48.2,0.6,5076.2,no
40,entrepreneur,single,high.school,no,no,no,telephone,nov,tue,94,1,999,0,nonexistent,-1.8,91.953,-48.0,0.6,5017.5,no
51,services,divorced,basic.4y,unknown,yes,yes,cellular,may,wed,301,2,15,1,nonexistent,1.1,92.075,-35.9,3.812,5099.1,no
33,management,married,basic.6y,no,no,no,cellular,apr,thu,437,1,17,2,failure,1.4,93.173,-42.4,2.642,5008.7,yes
41,entrepreneur,married,basic.9y,no,yes,no,cellular,dec,tue,328,1,999,0,nonexistent,1.4,92.374,-35.7,1.226,5017.5,no
34,technician,married,basic.4y,no,no,yes,cellular,jun,mon,1135,2,999,0,nonexistent,-1.7,91.69,-44.0,1.176,5191.0,yes
34,student,married,university.degree,no,yes,no,telephone,aug,fri,79,4,999,0,nonexistent,1.1,95.762,-43.9,1.996,5076.2,no
36,services,single,high.school,no,no,no,telephone,oct,thu,519,7,999,0,nonexistent,-1.7,95.131,-44.1,2.247,4963.6,no
42,admin.,divorced,university.degree,no,yes,yes,cellular,may,fri,363,5,999,0,nonexistent,1.1,91.56,-56.9,5.1,5008.7,yes
34,retired,married,basic.9y,no,no,no,cellular,sep,tue,112,2,999,0,nonexistent,-1.8,93.33,-39.5,1.074,5017.5,yes
55,entrepreneur,married,high.school,no,yes,no,telephone,may,thu,331,2,999,0,nonexistent,1.1,90.702,-42.5,4.375,5099.1,yes
29,blue-collar,married,university.degree,no,yes,no,cellular,may,tue,27,2,999,0,nonexistent,-0.1,95.552,-41.7,4.062,5099.1,no
37,housemaid,single,professional.course,no,yes,no,cellular,may,tue,389,2,999,0,nonexistent,1.4,94.14,-52.5,2.623,5017.5,no
34,student,married,basic.4y,no,yes,no,cellular,nov,wed,189,3,999,0,nonexistent,1.1,94.505,-42.1,4.377,5099.1,no
57,blue-collar,married,professional.course,no,yes,yes,telephone,may,tue,86,3,999,0,nonexistent,-1.7,92.623,-44.2,3.795,5017.5,no
42,unemployed,single,university.degree,unknown,no,no,telephone,sep,mon,266,5,999,0,nonexistent,1.4,94.762,-41.4,0.739,5008.7,no
52,admin.,single,university.degree,unknown,unknown,no,cellular,dec,tue,256,7,999,0,nonexistent,-1.7,94.766,-42.4,1.932,5099.1,yes
22,blue-collar,married,high.school,unknown,yes,yes,cellular,jul,mon,58,2,999,0,nonexistent,1.4,92.753,-44.4,3.698,5008.7,yes
43,blue-collar,single,basic.4y,no,no,no,telephone,jul,thu,7,3,999,0,nonexistent,1.1,91.276,-39.2,1.924,5076.2,no
50,student,married,basic.6y,no,no,no,telephone,jul,wed,142,3,999,0,nonexistent,1.4,93.653,-36.9,4.099,5076.2,no
40,management,married,university.degree,no,yes,no,cellular,may,mon,210,2,999,0,nonexistent,-3.4,92.81,-44.0,5.093,5076.2,yes
52,admin.,single,high.school,no,no,yes,cellular,jul,mon,523,1,999,0,nonexistent,-1.7,95.779,-49.2,2.951,5076.2,yes
33,technician,single,professional.course,no,no,no,telephone,aug,mon,658,1,999,0,nonexistent,1.1,93.076,-48.9,1.909,5099.1,no
56,management,married,high.school,no,unknown,no,cellular,dec,thu,188,3,999,0,nonexistent,1.4,93.16,-39.9,1.705,5017.5,no
67,admin.,married,basic.9y,no,yes,no,cellular,dec,mon,350,3,999,0,nonexistent,-3.4,94.21,-35.5,2.344,5099.1,no
35,housemaid,married,university.degree,no,no,no,cellular,nov,thu,144,2,999,0,nonexistent,-3.4,93.005,-51.1,2.218,5191.0,no
34,self-employed,married,high.school,no,yes,yes,cellular,nov,mon,342,3,999,0,nonexistent,-1.7,94.042,-47.1,4.555,5099.1,no
57,services,married,high.school,unknown,yes,no,cellular,jul,tue,57,2,999,0,nonexistent,1.4,92.191,-43.7,1.944,5008.7,no
58,unemployed,married,university.degree,no,yes,no,cellular,aug,fri,115,4,999,0,nonexistent,1.1,91.322,-52.2,2.684,5017.5,yes
33,technician,married,professional.course,no,unknown,yes,telephone,nov,thu,251,4,999,0,nonexistent,-1.7,91.631,-42.5,4.403,4963.6,no
34,unemployed,single,university.degree,unknown,no,no,cellular,jun,mon,4,1,999,0,nonexistent,-3.4,92.494,-40.2,2.406,4963.6,no
36,management,single,university.degree,no,no,no,cellular,dec,fri,320,3,999,0,nonexistent,-0.1,93.178,-39.6,2.2,5017.5,no
23,management,single,university.degree,no,yes,no,cellular,jun,wed,451,5,999,0,nonexistent,-1.8,93.749,-44.0,4.568,4963.6,no
28,admin.,married,professional.course,no,yes,no,telephone,aug,fri,127,1,999,0,nonexistent,1.1,93.683,-43.8,5.088,5017.5,no
27,housemaid,divorced,high.school,no,yes,no,telephone,sep,thu,148,1,21,2,failure,-0.1,93.015,-47.1,3.069,5008.7,no
30,technician,single,basic.4y,unknown,yes,yes,cellular,dec,thu,476,2,999,0,nonexistent,1.1,91.395,-50.9,5.1,5008.7,yes
39,admin.,single,basic.9y,no,yes,no,telephone,may,fri,373,2,999,0,nonexistent,1.4,94.048,-42.9,3.298,5099.1,no
42,admin.,single,basic.9y,no,no,no,cellular,sep,tue,84,1,999,0,nonexistent,-0.1,90.748,-40.0,4.577,4963.6,no
58,services,divorced,university.degree,no,no,no,telephone,jul,thu,97,6,26,1,success,-1.7,91.249,-41.9,5.1,5017.5,no
28,services,married,university.degree,no,yes,no,cellular,may,wed,283,1,26,1,success,1.1,93.068,-36.5,1.868,5008.7,no
51,retired,married,university.degree,unknown,yes,no,telephone,oct,mon,207,3,999,0,nonexistent,-1.7,94.195,-40.3,2.062,5099.1,yes
37,student,single,basic.4y,no,yes,no,cellular,jul,mon,44,3,999,0,nonexistent,1.4,93.941,-38.7,4.439,4963.6,yes
39,admin.,single,university.degree,no,yes,yes,cellular,aug,mon,92,2,999,0,nonexistent,-3.4,92.849,-41.2,2.711,4963.6,no
48,retired,single,high.school,no,no,no,telephone,may,thu,575,2,999,0,nonexistent,1.4,93.667,-32.7,1.306,4963.6,yes
26,blue-collar,married,university.degree,no,no,no,cellular,jul,wed,291,1,19,4,nonexistent,-3.4,91.402,-44.4,2.371,5008.7,yes
44,housemaid,married,university.degree,unknown,no,no,cellular,aug,wed,1066,3,999,0,nonexistent,-3.4,92.157,-38.6,0.6,5008.7,yes
41,self-employed,married,high.school,no,yes,yes,cellular,jun,mon,364,6,6,4,nonexistent,-1.7,92.18,-40.8,3.044,4963.6,yes
45,services,divorced,basic.6y,no,yes,no,telephone,may,wed,711,2,999,0,nonexistent,1.4,91.538,-38.3,3.294,5008.7,no
43,retired,married,basic.6y,no,yes,no,telephone,dec,fri,60,1,999,0,nonexistent,1.4,92.461,-40.3,4.953,4963.6,no
69,blue-collar,married,university.degree,no,no,no,cellular,jul,tue,369,4,999,0,nonexistent,-1.8,92.687,-42.2,5.1,5076.2,no
32,technician,married,professional.course,no,no,yes,telephone,sep,thu,5,1,999,0,nonexistent,-1.8,92.307,-40.1,2.429,5008.7,no
33,self-employed,married,university.degree,unknown,yes,no,cellular,jun,thu,277,1,999,0,nonexistent,-1.7,92.615,-39.5,5.1,5017.5,yes
32,technician,single,basic.6y,no,yes,no,cellular,may,thu,158,4,999,0,nonexistent,-1.7,88.708,-38.8,1.067,5008.7,yes
33,technician,single,high.school,unknown,yes,no,telephone,jun,wed,106,3,999,0,nonexistent,1.1,93.579,-34.7,0.6,4963.6,no
32,technician,single,university.degree,no,no,no,cellular,jun,fri,495,1,999,0,nonexistent,-0.1,92.392,-41.0,0.764,5017.5,no
54,self-employed,married,university.degree,no,no,no,cellular,jul,tue,481,1,999,0,nonexistent,1.1,92.39,-47.5,0.892,5099.1,yes
57,blue-collar,single,basic.6y,no,no,no,cellular,jul,fri,5,6,999,0,nonexistent,1.1,90.918,-41.2,4.365,5017.5,no
33,admin.,married,basic.4y,no,no,no,telephone,jul,tue,235,2,999,0,nonexistent,-0.1,95.327,-44.2,5.1,5017.5,no
30,retired,single,university.degree,unknown,yes,yes,cellular,may,tue,114,4,999,0,nonexistent,1.4,95.398,-44.4,5.1,5008.7,no
45,self-employed,married,high.school,no,yes,yes,telephone,jul,mon,134,1,999,0,nonexistent,-1.8,90.497,-43.6,0.6,5191.0,no
33,admin.,married,basic.9y,no,yes,no,telephone,may,thu,446,3,999,0,nonexistent,-1.8,92.647,-46.5,4.542,5017.5,no
47,blue-collar,single,basic.4y,no,yes,yes,cellular,may,wed,92,5,999,0,nonexistent,1.1,94.392,-54.0,5.1,5017.5,no
42,admin.,divorced,university.degree,no,no,no,telephone,dec,tue,716,2,999,0,nonexistent,-1.8,92.462,-34.6,4.796,4963.6,yes
21,blue-collar,married,university.degree,no,no,no,cellular,aug,tue,49,5,999,0,nonexistent,-3.4,92.091,-44.4,1.86,5008.7,yes
58,technician,single,professional.course,no,yes,no,cellular,aug,fri,271,1,999,0,nonexistent,1.4,91.993,-50.6,3.303,4963.6,no
61,retired,married,university.degree,no,no,no,telephone,jun,fri,278,3,999,0,nonexistent,1.1,93.469,-41.1,1.287,5008.7,no
32,management,married,high.school,no,yes,no,telephone,dec,wed,72,1,999,0,nonexistent,-0.1,96.923,-38.9,4.345,5099.1,no
35,management,married,basic.6y,no,yes,no,cellular,aug,thu,98,1,999,0,nonexistent,1.1,94.242,-42.9,0.6,5191.0,yes
43,technician,married,university.degree,no,yes,no,cellular,oct,wed,450,2,999,0,nonexistent,-1.7,91.337,-48.4,4.234,5017.5,no
44,self-employed,married,high.school,no,yes,no,cellular,may,tue,358,5,999,0,nonexistent,1.4,92.057,-49.1,1.722,5008.7,no
47,technician,married,university.degree,no,yes,no,cellular,dec,fri,99,1,999,0,nonexistent,-3.4,92.598,-30.6,3.654,5017.5,no
64,unemployed,married,high.school,unknown,yes,no,cellular,nov,mon,190,4,999,0,nonexistent,1.1,91.711,-49.1,2.544,5017.5,yes
37,management,divorced,basic.9y,no,yes,yes,cellular,nov,wed,15,1,999,0,nonexistent,1.1,91.431,-50.1,2.351,5076.2,no
30,admin.,married,basic.6y,no,unknown,no,telephone,may,tue,58,3,999,0,nonexistent,-0.1,94.125,-43.5,4.704,4963.6,no
23,retired,single,high.school,no,yes,no,cellular,may,wed,166,2,999,0,nonexistent,1.1,92.246,-37.9,5.1,5191.0,no
31,blue-collar,married,basic.6y,no,yes,no,cellular,may,wed,22,1,999,0,nonexistent,1.4,93.558,-33.7,1.443,5008.7,no
39,retired,single,basic.9y,no,yes,no,telephone,may,wed,463,2,999,0,nonexistent,1.1,95.674,-43.1,3.336,5099.1,yes
61,admin.,married,professional.course,no,no,yes,telephone,nov,mon,316,1,999,0,nonexistent,-1.7,92.213,-43.1,1.044,5191.0,yes
33,admin.,married,high.school,no,yes,no,cellular,mar,wed,718,1,999,0,nonexistent,-0.1,93.412,-48.4,2.171,5076.2,no
42,housemaid,married,high.school,no,no,no,cellular,apr,tue,295,2,26,1,nonexistent,1.4,91.465,-36.6,1.692,4963.6,no
39,blue-collar,married,university.degree,no,yes,no,telephone,may,mon,705,3,999,0,nonexistent,-0.1,93.623,-42.3,0.734,5099.1,no
54,self-employed,married,professional.course,unknown,no,no,cellular,may,mon,202,1,999,0,nonexistent,1.1,94.95,-42.2,4.907,5099.1,no
70,blue-collar,single,university.degree,unknown,no,unknown,cellular,may,thu,229,1,999,0,nonexistent,-0.1,94.873,-39.8,3.186,5017.5,no
33,management,single,university.degree,no,yes,no,telephone,oct,wed,942,1,999,0,nonexistent,-1.8,93.063,-40.5,2.016,4963.6,yes
34,retired,single,high.school,no,yes,no,cellular,jul,thu,256,5,999,0,nonexistent,-3.4,92.222,-42.7,2.895,5076.2,yes
52,services,single,high.school,unknown,yes,no,cellular,jan,thu,7,1,4,3,nonexistent,1.4,93.355,-35.4,5.1,5008.7,no
48,blue-collar,married,high.school,no,no,no,cellular,jul,thu,321,1,999,0,nonexistent,1.1,93.077,-50.0,4.85,5008.7,yes
62,blue-collar,married,university.degree,unknown,yes,no,cellular,jun,wed,589,1,1,1,success,-1.8,93.692,-40.9,4.005,5076.2,yes
47,admin.,married,university.degree,no,yes,no,cellular,apr,tue,396,4,999,0,nonexistent,1.4,92.048,-40.0,1.795,5017.5,yes
35,blue-collar,married,high.school,unknown,unknown,no,telephone,aug,tue,219,2,999,0,nonexistent,-0.1,92.4,-44.1,3.215,5017.5,no
47,management,married,basic.6y,no,yes,no,cellular,sep,thu,278,3,999,0,nonexistent,1.1,92.673,-38.9,1.036,5099.1,no
53,student,married,university.degree,unknown,no,yes,cellular,sep,wed,1156,1,999,0,nonexistent,-1.8,94.0,-38.7,2.843,4963.6,yes
49,housemaid,married,basic.6y,no,no,no,cellular,sep,fri,23,1,999,0,nonexistent,1.4,94.199,-36.5,4.76,5099.1,yes
46,entrepreneur,married,university.degree,no,yes,no,telephone,jan,fri,275,1,999,0,nonexistent,-0.1,92.353,-42.6,5.094,5008.7,no
52,entrepreneur,single,university.degree,unknown,yes,no,cellular,dec,mon,83,2,999,0,nonexistent,1.1,91.274,-43.1,1.843,5076.2,no
54,management,single,university.degree,no,yes,no,cellular,nov,mon,255,6,999,0,nonexistent,-3.4,93.544,-39.3,4.499,4963.6,no
56,blue-collar,married,university.degree,no,no,no,telephone,dec,thu,233,2,999,0,nonexistent,-1.7,94.098,-43.0,4.129,5076.2,yes
47,student,divorced,university.degree,no,no,no,cellular,feb,tue,41,8,999,0,nonexistent,-1.7,92.799,-49.6,2.567,4963.6,yes
37,retired,divorced,high.school,no,no,no,cellular,dec,mon,57,5,999,0,nonexistent,1.4,91.93,-37.7,4.343,5191.0,no
41,services,married,university.degree,unknown,no,no,cellular,nov,fri,242,3,9,4,failure,-1.8,92.283,-51.2,5.1,5008.7,no
54,admin.,married,university.degree,no,no,no,cellular,nov,tue,34,5,12,4,nonexistent,1.1,95.459,-40.0,4.531,5008.7,no
30,technician,married,basic.9y,yes,yes,no,cellular,apr,fri,77,1,999,0,nonexistent,-3.4,93.333,-29.3,1.103,5191.0,no
44,technician,divorced,basic.4y,no,yes,no,telephone,sep,thu,450,1,999,0,nonexistent,-1.8,94.52,-39.3,2.499,4963.6,yes
35,housemaid,single,basic.9y,no,no,no,cellular,dec,thu,99,4,999,0,nonexistent,-1.7,91.795,-45.5,3.719,5017.5,no
40,services,married,high.school,no,yes,yes,cellular,aug,tue,167,1,999,0,nonexistent,1.1,94.815,-44.3,1.554,4963.6,no
55,technician,married,university.degree,no,yes,yes,cellular,aug,tue,708,1,999,0,nonexistent,1.1,94.342,-40.1,5.1,5008.7,no
42,unemployed,married,university.degree,no,no,no,cellular,dec,wed,64,1,999,0,nonexistent,1.4,92.846,-42.1,3.564,5076.2,yes
40,admin.,married,basic.9y,unknown,yes,no,cellular,jul,mon,123,2,999,0,nonexistent,1.4,93.913,-38.2,2.184,5099.1,no
23,technician,married,basic.6y,no,no,no,telephone,aug,tue,233,1,999,0,nonexistent,-3.4,94.941,-34.7,2.071,5076.2,no
48,admin.,single,professional.course,no,no,no,cellular,jul,tue,351,5,999,0,nonexistent,1.4,91.338,-35.4,1.749,5008.7,yes
47,retired,single,basic.6y,unknown,yes,yes,telephone,dec,mon,579,3,999,0,nonexistent,-0.1,92.211,-47.8,4.271,5076.2,no
65,student,single,high.school,no,no,no,cellular,apr,tue,617,4,23,2,failure,1.4,93.786,-41.9,4.485,5017.5,yes
36,blue-collar,single,university.degree,yes,yes,no,cellular,jul,thu,374,1,999,0,nonexistent,-3.4,93.03,-39.5,1.805,5017.5,no
42,housemaid,single,university.degree,no,yes,no,cellular,aug,mon,64,3,999,0,nonexistent,1.4,93.617,-34.4,5.1,4963.6,no
42,blue-collar,married,basic.6y,unknown,yes,no,cellular,oct,mon,6,1,999,0,nonexistent,-1.8,94.032,-40.2,2.303,5076.2,no
58,student,single,basic.4y,no,yes,no,cellular,aug,thu,121,2,999,0,nonexistent,-1.7,93.748,-45.4,1.566,5076.2,no
38,entrepreneur,married,basic.6y,unknown,yes,no,cellular,dec,fri,38,5,999,0,nonexistent,-3.4,92.621,-39.8,3.859,5008.7,yes
43,self-employed,single,university.degree,no,yes,no,telephone,dec,tue,309,2,24,4,failure,-1.8,92.724,-32.9,0.841,4963.6,no
47,admin.,married,university.degree,no,yes,no,cellular,mar,mon,270,2,999,0,nonexistent,-0.1,95.333,-43.3,0.6,4963.6,no
42,unemployed,single,basic.9y,no,yes,no,cellular,jun,wed,11,5,26,4,nonexistent,1.4,93.129,-45.5,1.284,5076.2,no
34,retired,married,university.degree,no,no,no,cellular,feb,fri,452,1,999,0,nonexistent,1.1,95.033,-42.2,1.587,5099.1,no
42,blue-collar,married,university.degree,no,no,no,cellular,may,thu,71,3,999,0,nonexistent,-1.8,95.137,-45.3,4.349,5076.2,no
52,self-employed,married,basic.4y,no,yes,no,cellular,jul,thu,141,2,999,0,nonexistent,-1.8,91.829,-37.9,0.667,5076.2,no
27,blue-collar,married,high.school,no,yes,no,cellular,dec,tue,275,3,999,0,nonexistent,-1.7,94.103,-45.2,3.664,5076.2,no
41,housemaid,single,university.degree,no,yes,yes,cellular,nov,wed,140,4,999,0,nonexistent,1.4,91.38,-35.5,4.515,5017.5,no
31,admin.,single,basic.9y,no,yes,yes,telephone,may,mon,145,3,999,0,nonexistent,-3.4,95.426,-39.5,5.1,5191.0,no
54,retired,married,high.school,no,no,yes,telephone,apr,thu,16,5,999,0,nonexistent,-0.1,93.283,-38.5,2.115,4963.6,no
21,services,married,university.degree,no,no,no,cellular,aug,thu,128,1,999,0,nonexistent,-3.4,93.21,-38.6,2.257,5191.0,yes
33,admin.,married,professional.course,no,yes,no,cellular,jul,fri,361,1,999,0,nonexistent,-0.1,91.702,-37.7,5.1,5017.5,no
44,blue-collar,married,university.degree,no,yes,no,telephone,may,tue,616,1,999,0,nonexistent,-1.8,92.09,-43.5,5.1,5099.1,no
58,admin.,married,university.degree,no,yes,yes,cellular,nov,mon,133,1,999,0,nonexistent,-3.4,93.339,-46.9,2.506,5008.7,no
39,technician,single,university.degree,no,no,unknown,cellular,dec,wed,137,2,2,3,nonexistent,-1.8,93.136,-44.4,5.064,5099.1,yes
33,blue-collar,married,high.school,no,yes,yes,cellular,jun,thu,303,3,23,2,success,-1.7,92.422,-37.4,3.445,4963.6,no
62,management,married,university.degree,unknown,unknown,no,cellular,nov,thu,715,4,999,0,nonexistent,-1.7,94.318,-50.8,3.029,5008.7,yes
22,blue-collar,married,high.school,no,no,yes,cellular,jun,mon,77,3,999,0,nonexistent,1.1,92.996,-52.0,5.1,5191.0,no
18,blue-collar,married,basic.9y,no,yes,no,cellular,sep,tue,145,1,999,0,nonexistent,-3.4,91.484,-40.9,4.935,5099.1,no
45,retired,married,university.degree,no,no,no,cellular,jul,wed,397,6,999,0,nonexistent,-3.4,94.081,-37.8,5.1,4963.6,no
33,admin.,single,university.degree,no,no,no,cellular,may,tue,235,1,14,3,failure,-1.8,91.261,-37.1,1.088,5099.1,yes
27,student,married,high.school,no,no,no,telephone,dec,fri,29,1,999,0,nonexistent,1.4,90.115,-46.8,5.1,5008.7,no
48,housemaid,married,professional.course,no,yes,no,cellular,jul,wed,247,4,999,0,nonexistent,1.1,93.144,-47.9,2.719,5008.7,no
42,management,married,basic.4y,no,yes,no,cellular,sep,thu,51,4,999,0,nonexistent,1.1,91.454,-45.4,2.695,5099.1,yes
33,management,married,high.school,no,no,no,cellular,may,wed,178,3,999,0,nonexistent,-1.7,93.267,-44.0,3.702,5017.5,no
24,student,married,basic.4y,no,no,no,telephone,feb,thu,188,2,999,0,nonexistent,-1.8,94.225,-43.7,3.922,5099.1,yes
50,blue-collar,divorced,university.degree,no,no,yes,telephone,apr,tue,522,2,26,2,nonexistent,-3.4,94.477,-41.4,4.899,5191.0,yes
47,admin.,single,university.degree,no,no,no,cellular,jul,fri,155,3,999,0,nonexistent,-0.1,93.746,-35.0,4.59,5099.1,no
38,blue-collar,married,high.school,no,no,no,cellular,aug,tue,81,2,999,0,nonexistent,-0.1,91.011,-42.3,1.824,5099.1,yes
62,entrepreneur,married,university.degree,unknown,no,no,telephone,may,wed,65,2,999,0,nonexistent,1.4,91.92,-37.3,1.206,5017.5,no
27,admin.,married,high.school,no,yes,yes,telephone,aug,tue,518,4,999,0,nonexistent,1.4,93.008,-38.7,2.656,5076.2,yes
21,management,married,university.degree,no,no,no,cellular,aug,wed,46,2,999,0,nonexistent,-0.1,93.023,-45.6,2.976,5008.7,no
31,unemployed,single,high.school,unknown,no,no,cellular,sep,tue,138,2,999,0,nonexistent,-0.1,91.587,-38.8,3.16,5191.0,no
39,housemaid,single,high.school,no,no,no,cellular,jul,tue,51,2,999,0,nonexistent,-1.8,92.306,-39.1,5.1,4963.6,no
42,services,married,professional.course,no,no,no,telephone,dec,fri,371,1,16,4,failure,-1.7,94.216,-42.0,3.332,5008.7,no
37,admin.,married,basic.9y,yes,yes,no,cellular,jul,mon,160,3,999,0,nonexistent,1.4,93.756,-41.1,5.1,5008.7,yes
44,self-employed,married,basic.6y,unknown,no,yes,cellular,jul,thu,108,4,16,2,success,-1.8,92.537,-42.3,5.1,5076.2,no
24,management,single,university.degree,no,no,no,telephone,may,fri,112,4,999,0,nonexistent,1.4,94.544,-47.5,2.457,5008.7,no
57,admin.,single,professional.course,no,yes,no,telephone,may,mon,477,2,999,0,nonexistent,-0.1,91.01,-30.2,0.6,5008.7,yes
39,admin.,married,high.school,no,yes,yes,telephone,mar,thu,201,2,999,0,nonexistent,-0.1,94.233,-36.7,5.1,5017.5,no
53,student,married,basic.4y,unknown,yes,yes,telephone,aug,tue,316,3,24,4,success,-1.8,94.027,-39.4,2.492,5017.5,yes
44,management,single,high.school,no,yes,no,cellular,may,mon,568,3,999,0,nonexistent,1.1,94.12,-44.0,4.672,5017.5,yes
45,self-employed,married,high.school,no,yes,yes,cellular,may,wed,580,8,999,0,nonexistent,-0.1,93.445,-42.5,1.799,5017.5,no
46,housemaid,married,basic.9y,unknown,yes,no,cellular,oct,fri,99,2,1,4,nonexistent,-1.7,92.02,-47.9,5.1,5017.5,no
45,services,married,university.degree,no,no,no,telephone,may,mon,761,1,999,0,nonexistent,-1.7,93.888,-39.7,4.526,5191.0,yes
47,services,single,professional.course,no,no,no,cellular,may,wed,6,6,24,1,failure,-3.4,92.377,-40.3,1.043,4963.6,no
55,technician,married,high.school,no,no,no,telephone,may,wed,118,5,999,0,nonexistent,-0.1,93.308,-43.0,0.6,5076.2,no
42,blue-collar,married,high.school,no,no,no,cellular,oct,fri,565,4,18,1,nonexistent,-1.7,91.908,-41.9,3.34,5099.1,yes
48,technician,single,high.school,unknown,yes,no,telephone,may,mon,80,3,999,0,nonexistent,1.1,92.483,-43.5,3.895,5191.0,no
38,entrepreneur,married,basic.6y,no,yes,no,cellular,jul,thu,79,2,7,1,success,1.1,92.785,-44.5,4.373,5017.5,no
57,management,married,university.degree,unknown,no,no,cellular,jul,thu,90,3,999,0,nonexistent,-1.7,93.6,-45.9,1.6,5076.2,no
31,student,married,high.school,no,yes,no,telephone,aug,thu,236,2,999,0,nonexistent,1.1,93.851,-47.1,1.841,5099.1,yes
61,technician,married,high.school,no,unknown,no,cellular,aug,fri,144,2,999,0,nonexistent,-1.7,95.544,-45.5,0.6,5008.7,yes
39,management,single,university.degree,unknown,no,no,telephone,nov,fri,324,6,999,0,nonexistent,1.1,93.222,-45.1,2.006,5191.0,no
22,management,married,high.school,no,yes,no,cellular,mar,mon,563,4,10,1,success,-3.4,91.578,-36.6,0.6,5008.7,yes
41,management,married,university.degree,no,unknown,no,telephone,may,wed,280,3,999,0,nonexistent,-1.8,94.2,-45.1,1.717,5076.2,yes
31,retired,married,basic.4y,no,yes,no,cellular,may,tue,57,5,2,2,failure,-1.8,93.506,-52.2,3.591,4963.6,no
50,blue-collar,single,university.degree,unknown,yes,no,cellular,may,tue,674,3,999,0,nonexistent,1.1,92.714,-40.5,3.565,4963.6,no
32,services,single,professional.course,no,no,no,telephone,may,wed,76,1,22,2,failure,-3.4,92.399,-38.9,1.787,5076.2,yes
34,admin.,married,university.degree,no,yes,no,cellular,may,tue,40,3,999,0,nonexistent,-1.8,92.073,-37.2,3.49,4963.6,yes
18,technician,married,professional.course,no,no,yes,cellular,jul,wed,23,2,999,0,nonexistent,-1.7,92.023,-41.2,5.1,4963.6,no
34,technician,single,basic.9y,no,yes,no,cellular,aug,fri,207,1,999,0,nonexistent,-3.4,91.169,-47.7,2.499,5008.7,no
18,management,married,high.school,no,no,no,cellular,jun,mon,30,2,999,0,nonexistent,1.1,94.448,-46.0,0.698,4963.6,no
20,unemployed,single,university.degree,no,no,no,cellular,sep,fri,37,2,999,0,nonexistent,-0.1,93.652,-39.0,4.414,4963.6,no
49,management,single,university.degree,no,no,yes,telephone,may,wed,89,1,999,0,nonexistent,1.4,93.14,-34.7,4.966,5076.2,no
49,retired,single,high.school,no,yes,no,cellular,may,thu,82,2,999,0,nonexistent,-3.4,92.069,-47.7,1.746,4963.6,no
45,services,married,high.school,no,yes,no,cellular,jul,fri,231,4,999,0,nonexistent,-1.7,94.634,-40.9,1.76,5191.0,yes
28,management,married,basic.6y,unknown,no,no,cellular,feb,tue,424,3,999,0,nonexistent,1.1,90.869,-44.8,0.6,5017.5,yes
39,admin.,single,high.school,no,yes,no,cellular,apr,wed,358,1,999,0,nonexistent,1.1,92.804,-46.1,2.17,5017.5,no
39,blue-collar,married,basic.9y,unknown,no,no,cellular,jun,wed,76,3,999,0,nonexistent,-1.8,94.473,-41.8,1.339,5076.2,yes
26,technician,married,university.degree,no,no,no,telephone,dec,tue,70,4,999,0,nonexistent,-0.1,90.011,-42.7,0.6,5017.5,no
58,technician,single,basic.9y,no,no,no,telephone,sep,fri,843,2,999,0,nonexistent,1.1,93.264,-52.1,2.343,5008.7,no
50,admin.,single,basic.4y,unknown,no,no,cellular,apr,fri,2,1,999,0,nonexistent,-3.4,92.01,-41.0,2.991,5191.0,yes
37,admin.,married,university.degree,no,yes,no,cellular,nov,mon,529,3,999,0,nonexistent,1.1,93.182,-40.4,2.662,5191.0,no
40,blue-collar,married,university.degree,no,no,no,telephone,sep,mon,55,3,999,0,nonexistent,-1.7,92.438,-38.3,2.417,5076.2,yes
42,unemployed,married,university.degree,unknown,no,no,cellular,aug,wed,735,1,999,0,nonexistent,1.4,93.891,-44.9,5.1,4963.6,yes
18,blue-collar,single,university.degree,no,yes,no,cellular,nov,mon,104,2,999,0,nonexistent,-0.1,94.849,-49.9,3.553,5017.5,no
37,technician,divorced,high.school,no,unknown,yes,cellular,jun,thu,145,6,999,0,nonexistent,-3.4,96.77,-44.1,4.171,5008.7,yes
31,blue-collar,married,university.degree,no,yes,yes,cellular,may,mon,306,2,999,0,nonexistent,-0.1,92.83,-38.5,5.1,5076.2,no
27,management,married,university.degree,no,yes,no,telephone,jul,wed,221,1,999,0,nonexistent,1.4,94.107,-42.4,4.776,5076.2,no
36,blue-collar,single,basic.4y,no,yes,no,telephone,jul,mon,95,1,1,3,success,1.1,93.513,-37.8,2.508,4963.6,no
61,blue-collar,married,university.degree,no,no,no,cellular,jul,tue,201,6,11,2,failure,-1.7,93.624,-48.5,0.6,5099.1,no
47,services,married,professional.course,no,yes,no,cellular,jul,thu,327,1,2,3,nonexistent,-0.1,95.214,-37.9,2.332,5017.5,yes
33,admin.,divorced,high.school,no,no,no,telephone,dec,wed,10,2,999,0,nonexistent,-0.1,91.974,-40.8,5.1,5008.7,no
46,admin.,married,high.school,no,no,unknown,telephone,dec,fri,2,2,999,0,nonexistent,-3.4,92.463,-43.8,4.764,5076.2,no
